county/sub_county,total,farming,crop_production,livestock_production,aquaculture,fishing,irrigation,maize,sorghum,rice,potatoes,beans,cassava,sweet_potatoes,wheat,green_grams,bananas,cabbages,tomatoes,onions,ground_nuts,millet,watermelons,kales,sugarcane,cotton,exotic_cattle_0dairy,exotic_cattle_0beef,indigenous_cattle,sheep,goats,camels,donkeys,pigs,indigenous_chicken,exotic_chicken_layers,exotic_chicken_broilers,beehives,rabbits,fish_ponds,fish_cages
KENYA,12143913,6354211.0,5555974,4729288,29325,109640,369679,5104967.0,904945.0,50484.0,1170170.0,3600840.0,1050352.0,1134102.0,67720.0,571426.0,2139421.0,490588.0,410224.0,707182.0,480812.0,540353.0,84077.0,1916898.0,654468.0,22920.0,939916,167625,2260439,1299893,1898887,167666.0,500682,110383.0,3337700,194517,79461,201406,124122,22019.0,3361.0
MOMBASA,378422,12497.0,7218,8749,128,1409,958,5681.0,0.0,0.0,0.0,0.0,2849.0,0.0,0.0,0.0,2232.0,0.0,0.0,0.0,0.0,0.0,0.0,0.0,0.0,0.0,412,191,1024,313,3029,6.0,36,134.0,6142,743,998,68,186,83.0,24.0
CHANGAMWE,46614,618.0,230,476,6,62,36,108.0,0.0,0.0,0.0,0.0,39.0,0.0,0.0,0.0,65.0,0.0,0.0,0.0,0.0,0.0,0.0,0.0,0.0,0.0,16,10,20,10,95,0.0,1,7.0,350,53,78,1,14,6.0,0.0
JOMVU,53472,2418.0,1168,1810,12,132,209,895.0,0.0,0.0,0.0,0.0,360.0,0.0,0.0,0.0,332.0,0.0,0.0,0.0,0.0,0.0,0.0,0.0,0.0,0.0,60,23,190,45,568,0.0,11,37.0,1296,157,199,6,30,8.0,3.0
KISAUNI,88202,6257.0,4043,4269,67,492,402,3456.0,0.0,0.0,0.0,0.0,1702.0,0.0,0.0,0.0,1137.0,0.0,0.0,0.0,0.0,0.0,0.0,0.0,0.0,0.0,202,82,632,161,1614,4.0,8,76.0,3016,280,411,41,79,37.0,11.0
LIKONI,81191,1863.0,1136,1282,21,439,143,863.0,0.0,0.0,0.0,0.0,578.0,0.0,0.0,0.0,485.0,0.0,0.0,0.0,0.0,0.0,0.0,0.0,0.0,0.0,73,51,127,63,566,0.0,5,7.0,870,124,140,11,33,16.0,7.0
MVITA,38995,309.0,145,209,9,172,32,81.0,0.0,0.0,0.0,0.0,39.0,0.0,0.0,0.0,54.0,0.0,0.0,0.0,0.0,0.0,0.0,0.0,0.0,0.0,16,8,9,9,36,1.0,4,3.0,121,33,35,2,5,7.0,2.0
NYALI,69948,1032.0,496,703,13,112,136,278.0,0.0,0.0,0.0,0.0,131.0,0.0,0.0,0.0,159.0,0.0,0.0,0.0,0.0,0.0,0.0,0.0,0.0,0.0,45,17,46,25,150,1.0,7,4.0,489,96,135,7,25,9.0,1.0
KWALE,173176,108074.0,100020,72666,220,4452,2438,93143.0,2784.0,8585.0,1038.0,8619.0,46004.0,10388.0,0.0,20536.0,28831.0,0.0,10008.0,1124.0,5636.0,1290.0,3794.0,10775.0,5089.0,0.0,1453,804,33888,10587,45129,62.0,507,48.0,56196,962,836,573,179,201.0,57.0
KINANGO,16043,13855.0,13032,10293,7,39,165,12556.0,552.0,60.0,87.0,1567.0,4580.0,1841.0,0.0,3132.0,1841.0,0.0,1219.0,163.0,667.0,132.0,429.0,1746.0,322.0,0.0,151,119,5722,2810,7431,5.0,214,1.0,7921,134,62,122,7,7.0,0.0
LUNGALUNGA,37366,29299.0,27513,19583,94,1879,744,25717.0,454.0,5499.0,340.0,1899.0,11279.0,2093.0,0.0,5508.0,8424.0,0.0,3013.0,332.0,717.0,327.0,881.0,3375.0,1143.0,0.0,490,192,10935,3322,12114,15.0,134,29.0,14607,288,186,150,46,89.0,45.0
MATUGA,39231,24689.0,22882,16311,33,478,505,21369.0,342.0,1143.0,233.0,2233.0,15401.0,2846.0,0.0,2180.0,10026.0,0.0,2787.0,214.0,680.0,168.0,577.0,3250.0,1891.0,0.0,307,145,6394,987,9750,10.0,84,3.0,13292,167,156,175,44,30.0,3.0
MSAMBWENI,45466,14959.0,12906,9143,51,1254,590,10731.0,202.0,1811.0,226.0,1073.0,8583.0,1623.0,0.0,2064.0,5864.0,0.0,1951.0,233.0,309.0,155.0,568.0,1337.0,1131.0,0.0,257,184,3432,368,3905,7.0,24,8.0,7129,264,320,53,63,50.0,6.0
SAMBURU,35070,25272.0,23687,17336,35,802,434,22770.0,1234.0,72.0,152.0,1847.0,6161.0,1985.0,0.0,7652.0,2676.0,0.0,1038.0,182.0,3263.0,508.0,1339.0,1067.0,602.0,0.0,248,164,7405,3100,11929,25.0,51,7.0,13247,109,112,73,19,25.0,3.0
KILIFI,298472,161188.0,149334,101983,366,6393,5643,143913.0,2911.0,2847.0,0.0,10319.0,58225.0,9899.0,0.0,30359.0,26712.0,0.0,8854.0,0.0,2570.0,1522.0,4649.0,6982.0,6383.0,0.0,4905,1480,33420,6746,67419,81.0,1234,366.0,72134,1484,1807,611,524,333.0,50.0
CHONYI,11421,10025.0,9838,5153,14,30,68,9703.0,35.0,131.0,0.0,2196.0,6204.0,461.0,0.0,3756.0,3146.0,0.0,276.0,0.0,413.0,41.0,39.0,199.0,233.0,0.0,148,48,798,18,2585,3.0,1,22.0,4051,21,10,1,15,14.0,0.0
GANZE,23258,20578.0,19306,15777,41,158,442,18418.0,1273.0,81.0,0.0,899.0,7781.0,905.0,0.0,5055.0,2651.0,0.0,952.0,0.0,161.0,487.0,1638.0,951.0,379.0,0.0,321,112,7307,2220,11917,26.0,59,3.0,12160,199,54,98,42,38.0,5.0
KALOLENI,36355,22504.0,21295,14519,34,54,254,20458.0,199.0,1343.0,0.0,2051.0,8810.0,2078.0,0.0,2812.0,4047.0,0.0,1237.0,0.0,162.0,109.0,685.0,1448.0,798.0,0.0,514,166,5538,1357,9342,4.0,177,80.0,10405,270,224,114,48,31.0,5.0
KAUMA,3479,2867.0,2738,1939,10,60,54,2621.0,41.0,8.0,0.0,177.0,748.0,141.0,0.0,387.0,406.0,0.0,157.0,0.0,17.0,7.0,66.0,135.0,108.0,0.0,37,29,812,60,1499,2.0,2,3.0,1342,30,19,3,6,9.0,2.0
KILIFI NORTH,39512,18690.0,17085,12011,30,1021,386,16616.0,160.0,79.0,0.0,593.0,6199.0,689.0,0.0,3212.0,2029.0,0.0,1029.0,0.0,430.0,138.0,296.0,643.0,628.0,0.0,1423,259,2960,287,7854,12.0,28,37.0,8584,194,362,39,85,29.0,5.0
KILIFI SOUTH,53074,15114.0,13485,8570,72,878,466,12930.0,126.0,469.0,0.0,1041.0,5838.0,688.0,0.0,3373.0,3440.0,0.0,870.0,0.0,376.0,89.0,282.0,544.0,733.0,0.0,558,157,1792,177,4938,4.0,31,60.0,6215,183,342,38,86,67.0,8.0
MAGARINI,33017,25989.0,24929,15959,75,1884,856,24193.0,614.0,245.0,0.0,1326.0,5027.0,722.0,0.0,5405.0,1730.0,0.0,1240.0,0.0,304.0,289.0,593.0,1072.0,771.0,0.0,432,227,6065,767,11620,12.0,628,10.0,10013,145,189,160,54,59.0,14.0
MALINDI,73547,31072.0,27424,19363,63,2176,2942,26224.0,388.0,184.0,0.0,1031.0,10146.0,1598.0,0.0,5038.0,4684.0,0.0,2502.0,0.0,605.0,318.0,916.0,1429.0,1635.0,0.0,1206,361,5984,1531,13394,13.0,299,24.0,12351,315,494,120,140,61.0,7.0
RABAI,24809,14349.0,13234,8692,27,132,175,12750.0,75.0,307.0,0.0,1005.0,7472.0,2617.0,0.0,1321.0,4579.0,0.0,591.0,0.0,102.0,44.0,134.0,561.0,1098.0,0.0,266,121,2164,329,4270,5.0,9,127.0,7013,127,113,38,48,25.0,4.0
TANA RIVER,68242,35094.0,16723,27046,212,2136,4528,13141.0,472.0,1255.0,0.0,2373.0,1989.0,991.0,0.0,5627.0,4647.0,0.0,2521.0,723.0,585.0,0.0,2406.0,1815.0,1690.0,384.0,1302,283,12012,16725,21545,3333.0,5329,2.0,10187,1019,616,1066,38,176.0,48.0
TANA DELTA,22791,15128.0,8697,11305,116,1475,1089,6997.0,344.0,766.0,0.0,1612.0,1463.0,518.0,0.0,3320.0,1882.0,0.0,1196.0,235.0,428.0,0.0,1541.0,682.0,1008.0,192.0,456,116,5662,6412,8142,160.0,1395,0.0,5693,437,297,464,22,91.0,29.0
TANA NORTH,26886,9397.0,2803,8021,57,148,1297,2162.0,92.0,202.0,0.0,227.0,103.0,119.0,0.0,525.0,690.0,0.0,382.0,229.0,44.0,0.0,468.0,268.0,184.0,161.0,399,50,2052,5423,7017,2392.0,2714,1.0,1718,300,130,424,9,51.0,15.0
TANA RIVER,18565,10569.0,5223,7720,39,513,2142,3982.0,36.0,287.0,0.0,534.0,423.0,354.0,0.0,1782.0,2075.0,0.0,943.0,259.0,113.0,0.0,397.0,865.0,498.0,31.0,447,117,4298,4890,6386,781.0,1220,1.0,2776,282,189,178,7,34.0,4.0
LAMU,37963,18678.0,15196,13448,65,3162,1083,13698.0,818.0,0.0,0.0,546.0,4611.0,996.0,0.0,5854.0,4479.0,0.0,1497.0,176.0,2651.0,585.0,1637.0,1184.0,2201.0,1574.0,508,159,3838,1932,8343,17.0,795,33.0,10362,385,253,302,62,54.0,15.0
LAMU EAST,5090,1831.0,1279,1202,4,1729,41,1096.0,68.0,0.0,0.0,173.0,480.0,37.0,0.0,248.0,156.0,0.0,242.0,17.0,84.0,38.0,365.0,95.0,12.0,10.0,90,33,363,57,386,0.0,425,0.0,670,65,25,18,2,4.0,1.0
LAMU WEST,32873,16847.0,13917,12246,61,1433,1042,12602.0,750.0,0.0,0.0,373.0,4131.0,959.0,0.0,5606.0,4323.0,0.0,1255.0,159.0,2567.0,547.0,1272.0,1089.0,2189.0,1564.0,418,126,3475,1875,7957,17.0,370,33.0,9692,320,228,284,60,50.0,14.0
TAITA/TAVETA,96429,56920.0,48382,43462,275,670,10225,44378.0,3651.0,488.0,4906.0,31229.0,17159.0,9080.0,0.0,14573.0,17629.0,2838.0,6428.0,2340.0,2033.0,1935.0,2155.0,11557.0,7687.0,0.0,7893,1088,16591,7190,24512,63.0,1528,148.0,34560,895,641,1857,1555,262.0,27.0
MWATATE,23698,16123.0,14021,12325,50,75,1020,13494.0,608.0,60.0,938.0,11112.0,5335.0,2624.0,0.0,3501.0,4363.0,657.0,1191.0,444.0,327.0,330.0,320.0,2903.0,1458.0,0.0,2634,331,4422,1436,7021,7.0,480,62.0,9776,209,135,498,362,49.0,1.0
TAITA,15094,12139.0,11254,9162,89,112,1287,10748.0,612.0,54.0,3333.0,9332.0,5686.0,3883.0,0.0,1226.0,6047.0,1325.0,1201.0,758.0,186.0,395.0,351.0,4358.0,3809.0,0.0,3762,473,2684,2216,2989,2.0,590,29.0,7372,261,140,440,464,85.0,6.0
TAVETA,24115,14591.0,12053,10851,92,428,7239,9733.0,1187.0,339.0,290.0,7659.0,2476.0,1270.0,0.0,3170.0,5472.0,488.0,3058.0,526.0,262.0,370.0,437.0,2661.0,1635.0,0.0,527,134,5155,2367,7211,16.0,247,28.0,8803,135,81,414,466,85.0,12.0
VOI,33522,14067.0,11054,11124,44,55,679,10403.0,1244.0,35.0,345.0,3126.0,3662.0,1303.0,0.0,6676.0,1747.0,368.0,978.0,612.0,1258.0,840.0,1047.0,1635.0,785.0,0.0,970,150,4330,1171,7291,38.0,211,29.0,8609,290,285,505,263,43.0,8.0
GARISSA,141394,47645.0,4406,46154,1981,1411,1817,2590.0,748.0,0.0,696.0,1326.0,0.0,0.0,0.0,0.0,1902.0,0.0,1808.0,1132.0,0.0,0.0,1727.0,804.0,0.0,0.0,1376,608,23444,37684,41468,17624.0,20630,0.0,5852,1307,832,833,285,0.0,0.0
BALAMBALA,4337,1786.0,428,1653,144,109,220,250.0,82.0,0.0,96.0,113.0,0.0,0.0,0.0,0.0,171.0,0.0,193.0,180.0,0.0,0.0,198.0,88.0,0.0,0.0,83,66,669,1020,1464,1110.0,821,0.0,108,69,63,67,62,0.0,0.0
DADAAB,35793,9315.0,410,9128,313,250,86,260.0,120.0,0.0,46.0,161.0,0.0,0.0,0.0,0.0,70.0,0.0,98.0,88.0,0.0,0.0,119.0,38.0,0.0,0.0,291,124,3217,6968,8064,6508.0,5072,0.0,476,240,120,64,48,0.0,0.0
FAFI,23671,6556.0,929,6263,326,263,473,651.0,123.0,0.0,134.0,315.0,0.0,0.0,0.0,0.0,630.0,0.0,598.0,380.0,0.0,0.0,519.0,226.0,0.0,0.0,325,175,2359,4844,5639,3871.0,3431,0.0,284,223,138,147,86,0.0,0.0
GARISSA,30518,3335.0,1032,2849,128,99,488,451.0,31.0,0.0,91.0,202.0,0.0,0.0,0.0,0.0,655.0,0.0,560.0,229.0,0.0,0.0,526.0,188.0,0.0,0.0,144,29,1341,1914,2517,1611.0,1341,0.0,239,113,22,48,20,0.0,0.0
HULUGHO,20254,13731.0,1147,13478,681,448,341,724.0,280.0,0.0,166.0,338.0,0.0,0.0,0.0,0.0,197.0,0.0,177.0,129.0,0.0,0.0,205.0,120.0,0.0,0.0,170,71,10619,12006,12284,891.0,5045,0.0,3774,301,232,362,46,0.0,0.0
IJARA,18481,8136.0,413,8021,311,158,191,244.0,108.0,0.0,159.0,192.0,0.0,0.0,0.0,0.0,175.0,0.0,179.0,124.0,0.0,0.0,157.0,143.0,0.0,0.0,314,131,3825,6950,7194,316.0,1891,0.0,908,349,249,141,19,0.0,0.0
LAGDERA,8340,4786.0,47,4762,78,84,18,10.0,4.0,0.0,4.0,5.0,0.0,0.0,0.0,0.0,4.0,0.0,3.0,2.0,0.0,0.0,3.0,1.0,0.0,0.0,49,12,1414,3982,4306,3317.0,3029,0.0,63,12,8,4,4,0.0,0.0
WAJIR,127932,63433.0,2484,62695,1272,912,638,1663.0,660.0,0.0,0.0,799.0,0.0,0.0,0.0,0.0,0.0,0.0,0.0,0.0,0.0,0.0,717.0,0.0,0.0,0.0,1633,518,28872,53245,57038,39237.0,39275,0.0,5712,891,447,174,69,0.0,0.0
BUNA,6480,3425.0,77,3407,37,38,7,42.0,46.0,0.0,0.0,17.0,0.0,0.0,0.0,0.0,0.0,0.0,0.0,0.0,0.0,0.0,12.0,0.0,0.0,0.0,169,75,2078,2661,2929,2396.0,2249,0.0,586,84,63,7,3,0.0,0.0
ELDAS,13961,6975.0,513,6776,200,198,114,395.0,185.0,0.0,0.0,151.0,0.0,0.0,0.0,0.0,0.0,0.0,0.0,0.0,0.0,0.0,93.0,0.0,0.0,0.0,133,85,1704,5844,6318,5516.0,5037,0.0,383,163,69,45,19,0.0,0.0
HABASWEIN,31292,19731.0,456,19603,381,213,160,345.0,122.0,0.0,0.0,192.0,0.0,0.0,0.0,0.0,0.0,0.0,0.0,0.0,0.0,0.0,173.0,0.0,0.0,0.0,559,122,10769,17753,18318,12356.0,12318,0.0,1615,174,78,12,10,0.0,0.0
TARBAJ,9309,4598.0,114,4543,103,71,36,41.0,8.0,0.0,0.0,17.0,0.0,0.0,0.0,0.0,0.0,0.0,0.0,0.0,0.0,0.0,11.0,0.0,0.0,0.0,75,20,644,3754,4201,2872.0,2693,0.0,186,95,38,4,8,0.0,0.0
WAJIR EAST,18674,3113.0,193,3039,58,52,51,88.0,39.0,0.0,0.0,42.0,0.0,0.0,0.0,0.0,0.0,0.0,0.0,0.0,0.0,0.0,84.0,0.0,0.0,0.0,98,21,413,2177,2688,1250.0,1231,0.0,303,57,41,14,16,0.0,0.0
WAJIR NORTH,10490,5288.0,495,5214,51,50,163,419.0,168.0,0.0,0.0,246.0,0.0,0.0,0.0,0.0,0.0,0.0,0.0,0.0,0.0,0.0,34.0,0.0,0.0,0.0,106,43,2946,3693,4468,3944.0,3453,0.0,876,107,33,65,0,0.0,0.0
WAJIR SOUTH,21364,11735.0,252,11663,225,173,67,174.0,48.0,0.0,0.0,76.0,0.0,0.0,0.0,0.0,0.0,0.0,0.0,0.0,0.0,0.0,71.0,0.0,0.0,0.0,356,118,6728,9825,10333,6144.0,7316,0.0,774,146,84,17,12,0.0,0.0
WAJIR WEST,16362,8568.0,384,8450,217,117,40,159.0,44.0,0.0,0.0,58.0,0.0,0.0,0.0,0.0,0.0,0.0,0.0,0.0,0.0,0.0,239.0,0.0,0.0,0.0,137,34,3590,7538,7783,4759.0,4978,0.0,989,65,41,10,1,0.0,0.0
MANDERA,125763,62639.0,15310,60556,1646,1083,5428,13594.0,5735.0,1129.0,7331.0,0.0,0.0,0.0,0.0,2250.0,1257.0,3566.0,2312.0,0.0,1804.0,3601.0,1484.0,753.0,0.0,0.0,1203,427,28596,50451,56390,43691.0,40877,0.0,13003,2155,1010,6008,173,0.0,0.0
MANDERA WEST,14274,8737.0,2432,8507,220,149,545,2082.0,1257.0,109.0,846.0,0.0,0.0,0.0,0.0,87.0,132.0,211.0,202.0,0.0,506.0,302.0,268.0,50.0,0.0,0.0,117,28,5632,7471,8073,7448.0,5477,0.0,3073,137,91,677,45,0.0,0.0
BANISA,24285,14983.0,5661,14496,399,248,1310,5040.0,2480.0,561.0,2653.0,0.0,0.0,0.0,0.0,788.0,641.0,1082.0,671.0,0.0,740.0,1103.0,562.0,285.0,0.0,0.0,321,98,6867,11996,13315,12889.0,9314,0.0,3256,745,281,4713,26,0.0,0.0
KOTULO,9446,6881.0,267,6826,92,87,55,179.0,114.0,43.0,92.0,0.0,0.0,0.0,0.0,42.0,39.0,67.0,52.0,0.0,24.0,35.0,25.0,19.0,0.0,0.0,56,11,4534,6111,6499,5408.0,5013,0.0,1632,48,35,19,40,0.0,0.0
LAFEY,11597,7352.0,418,7240,146,99,82,304.0,189.0,31.0,117.0,0.0,0.0,0.0,0.0,39.0,23.0,63.0,41.0,0.0,31.0,54.0,34.0,18.0,0.0,0.0,86,32,2918,6273,6961,5106.0,5436,0.0,1099,268,176,20,14,0.0,0.0
MANDERA CENTRAL,21140,8042.0,395,7954,337,197,131,310.0,211.0,111.0,187.0,0.0,0.0,0.0,0.0,104.0,105.0,137.0,112.0,0.0,100.0,186.0,102.0,101.0,0.0,0.0,195,86,3881,6882,7349,4950.0,5165,0.0,1582,370,141,90,22,0.0,0.0
MANDERA EAST,25904,7078.0,2730,6540,194,119,1692,2466.0,572.0,156.0,1623.0,0.0,0.0,0.0,0.0,706.0,176.0,1145.0,681.0,0.0,200.0,1101.0,272.0,172.0,0.0,0.0,216,86,2432,4672,5849,2685.0,3889,0.0,1301,328,133,129,16,0.0,0.0
MANDERA NORTH,19117,9566.0,3407,8993,258,184,1613,3213.0,912.0,118.0,1813.0,0.0,0.0,0.0,0.0,484.0,141.0,861.0,553.0,0.0,203.0,820.0,221.0,108.0,0.0,0.0,212,86,2332,7046,8344,5205.0,6583,0.0,1060,259,153,360,10,0.0,0.0
MARSABIT,77495,39167.0,2655,38342,163,1295,160,1933.0,0.0,0.0,1619.0,0.0,0.0,72.0,0.0,0.0,0.0,0.0,0.0,0.0,0.0,0.0,405.0,0.0,0.0,0.0,1367,768,17793,30124,33757,22092.0,21474,19.0,3340,291,165,337,16,131.0,37.0
LOIYANGALANI,7774,4891.0,70,4886,9,499,4,54.0,0.0,0.0,51.0,0.0,0.0,0.0,0.0,0.0,0.0,0.0,0.0,0.0,0.0,0.0,43.0,0.0,0.0,0.0,87,21,1390,4157,4602,2414.0,2765,2.0,333,53,21,88,3,8.0,2.0
MARSABIT CENTRAL,15849,4727.0,1974,4059,14,27,96,1447.0,0.0,0.0,1219.0,0.0,0.0,62.0,0.0,0.0,0.0,0.0,0.0,0.0,0.0,0.0,256.0,0.0,0.0,0.0,358,129,2465,1824,2952,664.0,1239,1.0,782,64,37,199,5,8.0,2.0
MARSABIT NORTH,7521,6193.0,108,6190,7,28,2,98.0,0.0,0.0,90.0,0.0,0.0,1.0,0.0,0.0,0.0,0.0,0.0,0.0,0.0,0.0,4.0,0.0,0.0,0.0,94,52,2541,5861,5934,5267.0,4074,1.0,101,10,6,8,1,7.0,0.0
MARSABIT SOUTH,11615,8620.0,50,8602,19,87,5,13.0,0.0,0.0,11.0,0.0,0.0,0.0,0.0,0.0,0.0,0.0,0.0,0.0,0.0,0.0,23.0,0.0,0.0,0.0,164,101,4404,7863,8211,6029.0,5527,7.0,950,32,19,4,1,12.0,2.0
MOYALE,17709,3823.0,202,3747,7,27,13,151.0,0.0,0.0,123.0,0.0,0.0,5.0,0.0,0.0,0.0,0.0,0.0,0.0,0.0,0.0,54.0,0.0,0.0,0.0,154,76,1718,1807,2605,1624.0,1921,1.0,654,92,63,34,3,6.0,2.0
NORTH HORR,9789,7259.0,18,7238,53,603,5,3.0,0.0,0.0,1.0,0.0,0.0,0.0,0.0,0.0,0.0,0.0,0.0,0.0,0.0,0.0,2.0,0.0,0.0,0.0,369,290,2644,6867,6937,5289.0,4958,4.0,108,22,10,1,1,49.0,24.0
SOLOLO,7238,3654.0,233,3620,54,24,35,167.0,0.0,0.0,124.0,0.0,0.0,4.0,0.0,0.0,0.0,0.0,0.0,0.0,0.0,0.0,23.0,0.0,0.0,0.0,141,99,2631,1745,2516,805.0,990,3.0,412,18,9,3,2,41.0,5.0
ISIOLO,58072,24271.0,2780,23348,80,209,1322,1983.0,0.0,0.0,1297.0,0.0,351.0,0.0,290.0,307.0,0.0,1111.0,1019.0,0.0,0.0,364.0,1086.0,0.0,0.0,0.0,596,406,11953,19424,20562,6771.0,11509,11.0,6041,319,225,407,54,66.0,13.0
GARBATULLA,18661,9264.0,1016,8990,47,75,582,655.0,0.0,0.0,206.0,0.0,99.0,0.0,138.0,119.0,0.0,491.0,442.0,0.0,0.0,223.0,390.0,0.0,0.0,0.0,219,171,3653,7843,8145,2988.0,5232,0.0,1704,42,31,53,6,38.0,10.0
ISIOLO,29853,8600.0,1485,7989,12,55,649,1119.0,0.0,0.0,1059.0,0.0,239.0,0.0,143.0,176.0,0.0,520.0,494.0,0.0,0.0,87.0,619.0,0.0,0.0,0.0,222,114,4767,5957,6802,1906.0,2718,10.0,3090,241,179,352,45,10.0,1.0
MERTI,9558,6407.0,279,6369,21,79,91,209.0,0.0,0.0,32.0,0.0,13.0,0.0,9.0,12.0,0.0,100.0,83.0,0.0,0.0,54.0,77.0,0.0,0.0,0.0,155,121,3533,5624,5615,1877.0,3559,1.0,1247,36,15,2,3,18.0,2.0
MERU,426360,274865.0,250493,201036,1089,1666,51587,217403.0,34277.0,68292.0,181410.0,40774.0,34320.0,6290.0,23981.0,118020.0,22818.0,13710.0,19650.0,6202.0,15218.0,2499.0,53941.0,27532.0,2428.0,0.0,63202,12794,69431,34791,94528,273.0,3788,11730.0,132552,11192,6091,12278,12517,1011.0,112.0
BUURI EAST,23834,18061.0,16507,14523,56,91,2853,14811.0,555.0,12913.0,14256.0,1129.0,1731.0,2267.0,607.0,2189.0,2572.0,1268.0,1667.0,89.0,147.0,240.0,3439.0,677.0,331.0,0.0,5096,1452,5819,5157,5740,7.0,420,476.0,11300,856,427,548,1247,49.0,5.0
BUURI WEST,27973,14939.0,13701,10656,67,83,4742,11358.0,191.0,11231.0,8916.0,535.0,1155.0,2009.0,554.0,1656.0,2568.0,918.0,3423.0,99.0,118.0,119.0,4760.0,1440.0,80.0,0.0,3448,729,4911,5029,2402,6.0,41,156.0,7469,603,265,296,1016,64.0,3.0
IGEMBE CENTRAL,52031,31946.0,28457,21839,77,147,1943,25925.0,1189.0,5413.0,22202.0,2623.0,1851.0,184.0,1982.0,7755.0,220.0,667.0,426.0,137.0,887.0,253.0,2101.0,1710.0,105.0,0.0,3100,703,9068,3080,13495,62.0,812,272.0,12443,918,547,921,378,70.0,11.0
IGEMBE NORTH,38871,22743.0,20589,14190,78,104,345,18822.0,1432.0,7915.0,16600.0,2270.0,1589.0,260.0,580.0,7450.0,262.0,364.0,208.0,75.0,1397.0,115.0,1647.0,1138.0,79.0,0.0,2263,473,6601,1654,7615,39.0,388,61.0,7035,615,340,473,167,70.0,8.0
IGEMBE SOUTH,43281,21483.0,19032,13575,88,130,3346,14780.0,1456.0,1300.0,11435.0,2143.0,1451.0,207.0,2368.0,9459.0,349.0,577.0,812.0,192.0,1747.0,168.0,3804.0,2634.0,131.0,0.0,2873,713,4429,1198,6501,5.0,129,1323.0,7279,1202,1225,727,480,76.0,16.0
IMENTI NORTH,57668,27839.0,24773,20376,115,185,5461,21729.0,3310.0,4663.0,19255.0,5509.0,4719.0,354.0,2031.0,15073.0,1787.0,2345.0,2023.0,1093.0,1124.0,321.0,6282.0,2981.0,101.0,0.0,6964,1323,5293,3219,9179,13.0,71,2049.0,14289,1361,535,1135,1586,112.0,12.0
IMENTI SOUTH,64186,46386.0,43765,35690,273,416,18096,36114.0,6812.0,10358.0,27093.0,9476.0,9879.0,287.0,4711.0,31511.0,8020.0,3795.0,6672.0,389.0,2378.0,452.0,16319.0,8708.0,225.0,0.0,20822,3936,5259,4003,13190,12.0,33,959.0,25421,2630,1387,2107,2641,260.0,29.0
MERU CENTRAL,39595,31894.0,30166,25068,124,236,9992,26113.0,9618.0,7965.0,20800.0,6304.0,5575.0,264.0,6544.0,17375.0,6421.0,1455.0,2474.0,1452.0,3562.0,259.0,9345.0,4317.0,159.0,0.0,12860,2191,4840,3664,10367,10.0,161,1647.0,17981,1690,694,2319,2395,113.0,10.0
TIGANIA CENTRAL,25039,18982.0,17222,14249,76,100,2332,13696.0,4044.0,482.0,10065.0,2630.0,1752.0,166.0,2040.0,10529.0,231.0,613.0,687.0,1438.0,2783.0,174.0,2592.0,1976.0,80.0,0.0,2251,484,7040,1460,7556,11.0,31,2240.0,9016,600,327,1622,847,73.0,3.0
TIGANIA EAST,17185,12186.0,10416,8860,41,52,749,9790.0,1004.0,4543.0,9004.0,1723.0,1027.0,43.0,352.0,3542.0,136.0,511.0,408.0,30.0,87.0,94.0,1125.0,636.0,44.0,0.0,1471,288,3921,2644,5453,98.0,582,62.0,5239,289,148,499,379,32.0,8.0
TIGANIA WEST,36207,28224.0,25691,21927,93,122,1714,24124.0,4655.0,1354.0,21669.0,6402.0,3559.0,244.0,2206.0,11439.0,234.0,1186.0,828.0,1199.0,977.0,302.0,2482.0,1298.0,1089.0,0.0,2015,481,12227,3650,13008,10.0,1115,2479.0,15035,424,193,1624,1372,91.0,7.0
MERU NATIONAL PARK,207,3.0,3,0,0,0,0,3.0,0.0,0.0,2.0,0.0,0.0,0.0,0.0,0.0,1.0,0.0,0.0,0.0,0.0,0.0,0.0,0.0,0.0,0.0,0,0,0,0,0,0.0,0,0.0,0,0,0,0,0,0.0,0.0
MT. KENYA FOREST,283,179.0,171,83,1,0,14,138.0,11.0,155.0,113.0,30.0,32.0,5.0,6.0,42.0,17.0,11.0,22.0,9.0,11.0,2.0,45.0,17.0,4.0,0.0,39,21,23,33,22,0.0,5,6.0,45,4,3,7,9,1.0,0.0
THARAKA 0 NITHI,109860,85767.0,79228,67964,304,786,7766,53730.0,31848.0,6312.0,41827.0,18303.0,10425.0,0.0,29144.0,31892.0,2102.0,3745.0,5674.0,1012.0,27262.0,1158.0,13507.0,10232.0,616.0,0.0,18185,3635,22274,13039,44784,33.0,3849,3566.0,54256,2623,1041,9054,4004,284.0,29.0
IGAMBANG'OMBE,14398,12254.0,11495,9640,50,159,999,8147.0,5572.0,182.0,5537.0,1611.0,630.0,0.0,5612.0,1673.0,96.0,345.0,140.0,57.0,5004.0,141.0,888.0,462.0,134.0,0.0,1137,273,4271,2045,7409,7.0,98,239.0,7880,231,137,1632,469,49.0,2.0
MAARA,35041,27526.0,25577,22505,101,228,4625,22411.0,6627.0,1950.0,19555.0,9279.0,5728.0,0.0,2422.0,17938.0,1391.0,2320.0,4274.0,267.0,1616.0,321.0,8614.0,5469.0,114.0,0.0,11013,2264,3693,2211,12252,10.0,5,1496.0,17224,1138,461,2066,1596,97.0,8.0
MERU SOUTH,28249,19251.0,17733,15519,80,139,1138,15832.0,1883.0,4090.0,14528.0,6907.0,3628.0,0.0,255.0,11559.0,518.0,805.0,1089.0,125.0,300.0,117.0,3219.0,4003.0,52.0,0.0,5625,957,3618,1993,9003,1.0,6,1164.0,12408,843,295,1650,1783,75.0,8.0
THARAKA NORTH,13413,11402.0,10623,8381,32,63,236,2660.0,8316.0,44.0,959.0,170.0,113.0,0.0,9190.0,261.0,40.0,111.0,65.0,360.0,9350.0,349.0,283.0,150.0,139.0,0.0,90,21,4342,3227,6625,6.0,2642,368.0,6806,105,32,1730,23,29.0,4.0
THARAKA SOUTH,18646,15330.0,13798,11917,41,196,766,4678.0,9450.0,45.0,1246.0,335.0,325.0,0.0,11665.0,460.0,57.0,163.0,105.0,203.0,10992.0,230.0,501.0,148.0,177.0,0.0,320,120,6350,3563,9495,9.0,1098,299.0,9936,305,116,1976,133,34.0,7.0
MT. KENYA FOREST,113,4.0,2,2,0,1,2,2.0,0.0,1.0,2.0,1.0,1.0,0.0,0.0,1.0,0.0,1.0,1.0,0.0,0.0,0.0,2.0,0.0,0.0,0.0,0,0,0,0,0,0.0,0,0.0,2,1,0,0,0,0.0,0.0
EMBU,182743,130990.0,123265,98446,579,1633,11873,109171.0,22883.0,31032.0,89278.0,27641.0,20905.0,0.0,30437.0,55970.0,8247.0,8734.0,8517.0,1215.0,12819.0,1884.0,27825.0,17631.0,0.0,0.0,23852,5700,32172,12781,56864,56.0,8069,2404.0,80171,4250,1525,11926,7297,549.0,57.0
EMBU EAST,39678,31674.0,29995,23924,160,234,2595,26782.0,740.0,13434.0,23223.0,9993.0,6218.0,0.0,209.0,21651.0,2601.0,2578.0,3137.0,202.0,282.0,277.0,9108.0,7359.0,0.0,0.0,9087,2026,4669,2221,11625,8.0,12,545.0,19095,1324,457,2159,2293,159.0,15.0
EMBU NORTH,24300,18854.0,17797,13718,90,176,2234,14688.0,169.0,6378.0,11822.0,4179.0,5096.0,0.0,139.0,13757.0,4260.0,2289.0,3214.0,107.0,80.0,127.0,9773.0,4749.0,0.0,0.0,7012,1593,1551,1373,4519,4.0,3,616.0,9773,1051,421,976,1567,84.0,8.0
EMBU WEST,43153,21166.0,19386,14566,151,220,2231,16926.0,443.0,9283.0,14872.0,4414.0,3725.0,0.0,317.0,12529.0,943.0,1359.0,1292.0,242.0,205.0,285.0,4773.0,3370.0,0.0,0.0,5180,1414,2402,1115,6612,10.0,43,900.0,11173,879,342,1131,1582,141.0,15.0
MBEERESOUTH,46065,35511.0,33684,27304,93,705,2930,31493.0,12570.0,698.0,24850.0,5218.0,3945.0,0.0,20013.0,3659.0,274.0,1664.0,486.0,451.0,4855.0,724.0,2431.0,1064.0,0.0,0.0,1226,424,14638,4924,20027,20.0,5376,161.0,23551,638,169,4040,1058,88.0,12.0
MBEERE NORTH,29528,23785.0,22403,18934,85,298,1883,19282.0,8961.0,1239.0,14511.0,3837.0,1921.0,0.0,9759.0,4374.0,169.0,844.0,388.0,213.0,7397.0,471.0,1740.0,1089.0,0.0,0.0,1347,243,8912,3148,14081,14.0,2635,182.0,16579,358,136,3620,797,77.0,7.0
MT. KENYA FOREST,19,0.0,0,0,0,0,0,0.0,0.0,0.0,0.0,0.0,0.0,0.0,0.0,0.0,0.0,0.0,0.0,0.0,0.0,0.0,0.0,0.0,0.0,0.0,0,0,0,0,0,0.0,0,0.0,0,0,0,0,0,0.0,0.0
KITUI,262942,215322.0,199459,177701,570,863,6716,178635.0,98030.0,0.0,105815.0,35623.0,15210.0,0.0,133390.0,16923.0,1330.0,8600.0,5648.0,0.0,60988.0,17724.0,19725.0,3959.0,2711.0,0.0,3865,3016,88486,20920,149306,433.0,103497,175.0,147023,3016,1968,30134,710,461.0,82.0
IKUTHA,16679,14236.0,12055,12419,29,62,582,11519.0,7331.0,0.0,2705.0,1269.0,674.0,0.0,10007.0,354.0,82.0,451.0,274.0,0.0,4464.0,1767.0,1265.0,135.0,99.0,0.0,287,237,6610,1574,10912,6.0,8639,14.0,10106,239,145,3044,16,21.0,3.0
KATULANI,12170,10717.0,10312,8313,29,39,327,10218.0,1976.0,0.0,8454.0,2224.0,1336.0,0.0,5744.0,845.0,55.0,514.0,299.0,0.0,252.0,271.0,937.0,144.0,29.0,0.0,205,174,4018,356,6628,7.0,4233,7.0,7172,178,151,444,49,24.0,7.0
KISASI,10866,9797.0,9618,7756,15,28,221,9452.0,4226.0,0.0,5605.0,2311.0,1294.0,0.0,6861.0,634.0,78.0,547.0,360.0,0.0,556.0,448.0,902.0,120.0,74.0,0.0,135,109,4225,310,6289,3.0,4129,9.0,6524,87,41,708,41,11.0,1.0
KITUI CENTRAL,29057,17146.0,16227,11892,47,73,484,15951.0,3334.0,0.0,13599.0,5857.0,2060.0,0.0,4553.0,3958.0,171.0,963.0,610.0,0.0,730.0,412.0,2191.0,1063.0,105.0,0.0,561,254,4856,332,8313,7.0,3397,14.0,9795,329,200,689,65,42.0,3.0
KITUI WEST,17497,15208.0,14688,12411,21,52,262,14528.0,4148.0,0.0,13917.0,3739.0,1410.0,0.0,7066.0,2355.0,89.0,434.0,379.0,0.0,430.0,242.0,1062.0,315.0,35.0,0.0,313,135,5607,1008,9738,10.0,6165,11.0,10827,107,57,357,147,18.0,1.0
KYUSO,15993,14021.0,12646,12287,37,65,500,8649.0,10300.0,0.0,2600.0,1076.0,224.0,0.0,10710.0,319.0,60.0,403.0,293.0,0.0,8956.0,2412.0,836.0,167.0,650.0,0.0,195,241,6508,2304,10907,11.0,9089,10.0,9791,248,170,3253,12,34.0,4.0
LOWER YATTA,15454,12281.0,11395,10349,76,78,618,11247.0,3502.0,0.0,8902.0,1185.0,1233.0,0.0,8227.0,888.0,100.0,681.0,525.0,0.0,691.0,570.0,1524.0,178.0,87.0,0.0,379,313,6243,1380,8869,9.0,6395,7.0,8461,286,215,1890,24,50.0,26.0
MATINYANI,11513,10531.0,10247,8314,17,27,376,10104.0,2111.0,0.0,9620.0,2966.0,1327.0,0.0,4150.0,1623.0,81.0,499.0,335.0,0.0,161.0,157.0,1618.0,260.0,25.0,0.0,286,206,3953,712,6297,5.0,3504,8.0,7272,183,93,329,75,14.0,2.0
MIGWANI,19096,17012.0,16281,14237,27,66,326,16066.0,4482.0,0.0,14899.0,4481.0,1640.0,0.0,9685.0,2235.0,84.0,631.0,412.0,0.0,882.0,510.0,1245.0,413.0,69.0,0.0,216,150,6278,1340,11927,4.0,6759,13.0,12272,127,80,1418,141,24.0,2.0
MUMONI,6496,5646.0,5185,4876,12,27,126,3538.0,4499.0,0.0,1549.0,630.0,154.0,0.0,4536.0,110.0,19.0,113.0,68.0,0.0,4403.0,620.0,345.0,38.0,146.0,0.0,91,144,2513,1132,4472,1.0,3345,3.0,4107,74,100,1184,7,12.0,0.0
MUTITU,11521,9766.0,8461,8551,39,44,348,7928.0,5245.0,0.0,482.0,856.0,438.0,0.0,6909.0,403.0,72.0,439.0,338.0,0.0,4657.0,1193.0,911.0,146.0,51.0,0.0,138,103,4160,991,7372,74.0,5873,8.0,6835,116,37,1954,8,34.0,5.0
MUTITU NORTH,4929,4303.0,3966,3668,12,12,92,3889.0,2244.0,0.0,846.0,323.0,108.0,0.0,3265.0,163.0,23.0,149.0,114.0,0.0,1648.0,475.0,469.0,42.0,21.0,0.0,99,65,1892,149,3181,4.0,2158,5.0,2776,90,48,1075,5,5.0,0.0
MUTOMO,23044,19832.0,18506,16780,54,60,652,18067.0,11975.0,0.0,3898.0,2664.0,1192.0,0.0,15363.0,581.0,99.0,627.0,482.0,0.0,7983.0,1967.0,1618.0,186.0,103.0,0.0,193,110,9601,1717,14496,258.0,10818,19.0,14157,166,62,3774,15,34.0,5.0
MWINGI CENTRAL,26753,19371.0,17344,16408,60,61,793,16328.0,10483.0,0.0,10494.0,2220.0,839.0,0.0,12640.0,812.0,114.0,918.0,423.0,0.0,6105.0,1339.0,1872.0,324.0,86.0,0.0,307,301,7504,1526,14598,7.0,10481,17.0,13058,287,189,3494,37,51.0,9.0
MWINGI EAST,18730,15945.0,14231,13810,27,55,350,10679.0,10592.0,0.0,1984.0,606.0,116.0,0.0,11385.0,180.0,45.0,257.0,151.0,0.0,9718.0,2389.0,1023.0,84.0,74.0,0.0,115,168,6853,824,12054,18.0,9688,10.0,11077,153,79,3736,10,24.0,3.0
NZAMBANI,11276,9189.0,8728,6611,13,42,394,8618.0,3224.0,0.0,6075.0,2743.0,1113.0,0.0,3606.0,1308.0,102.0,738.0,465.0,0.0,756.0,434.0,1397.0,226.0,161.0,0.0,217,91,3034,290,5131,0.0,2065,9.0,5649,158,147,787,50,13.0,1.0
THAGICU,3289,2968.0,2620,2723,4,30,51,311.0,2127.0,0.0,43.0,21.0,7.0,0.0,2394.0,62.0,16.0,38.0,13.0,0.0,2364.0,219.0,48.0,29.0,175.0,0.0,41,126,1350,1547,2464,1.0,1697,5.0,2152,94,100,405,3,2.0,2.0
TSEIKURU,8579,7353.0,6949,6296,51,42,214,1543.0,6231.0,0.0,143.0,452.0,45.0,0.0,6289.0,93.0,40.0,198.0,107.0,0.0,6232.0,2299.0,462.0,89.0,721.0,0.0,87,89,3281,3428,5658,8.0,5062,6.0,4992,94,54,1593,5,48.0,8.0
MACHAKOS,402466,231341.0,217073,176746,564,1834,16642,211089.0,22077.0,12704.0,194467.0,60602.0,37625.0,0.0,55800.0,60821.0,5394.0,16758.0,9110.0,0.0,4514.0,4679.0,40521.0,9053.0,0.0,0.0,12759,4057,103561,34152,113642,96.0,19679,427.0,143193,5072,2606,6284,7966,500.0,68.0
ATHI RIVER,109735,13071.0,9680,9681,63,131,1751,8395.0,628.0,801.0,7655.0,1607.0,1622.0,0.0,1175.0,1964.0,741.0,1747.0,1466.0,0.0,274.0,509.0,3530.0,755.0,0.0,0.0,908,384,4053,2442,4720,10.0,840,103.0,7566,706,395,170,350,57.0,5.0
KALAMA,14182,11334.0,10682,8859,33,93,422,10522.0,764.0,457.0,9915.0,3801.0,1891.0,0.0,1015.0,2476.0,146.0,501.0,387.0,0.0,293.0,235.0,1188.0,213.0,0.0,0.0,534,267,5531,945,6429,7.0,497,6.0,7298,237,149,207,266,28.0,3.0
KANGUNDO,26142,23045.0,22600,16919,33,103,1196,22225.0,841.0,680.0,21492.0,12572.0,7126.0,0.0,1198.0,12735.0,400.0,2108.0,1225.0,0.0,204.0,307.0,5628.0,1212.0,0.0,0.0,2134,311,8921,2432,8352,8.0,835,48.0,13606,533,223,299,1541,33.0,2.0
KATHIANI,28730,24578.0,23760,17370,29,119,2968,22949.0,587.0,4271.0,21996.0,8863.0,4515.0,0.0,1385.0,11005.0,1432.0,2360.0,580.0,0.0,168.0,196.0,6408.0,2216.0,0.0,0.0,1643,396,8796,2938,8195,5.0,547,18.0,13818,442,190,177,1102,27.0,2.0
MACHAKOS,50979,26753.0,25084,18067,41,142,1693,24221.0,654.0,4625.0,23140.0,8216.0,4745.0,0.0,1663.0,8841.0,1002.0,2399.0,1467.0,0.0,207.0,387.0,6237.0,1466.0,0.0,0.0,1783,398,8026,2383,9831,9.0,541,35.0,14011,644,299,216,959,40.0,0.0
MASINGA,36251,30328.0,28120,25112,126,375,1314,27568.0,6838.0,516.0,22682.0,4641.0,3705.0,0.0,15211.0,3725.0,249.0,1289.0,517.0,0.0,1295.0,900.0,3138.0,593.0,0.0,0.0,673,448,16828,5885,20093,20.0,3189,42.0,21012,521,264,1857,630,106.0,22.0
MATUNGULU,44454,29763.0,27638,21307,76,311,2590,26874.0,1154.0,822.0,25219.0,9598.0,5002.0,0.0,2807.0,8993.0,621.0,2519.0,1678.0,0.0,230.0,481.0,5040.0,1124.0,0.0,0.0,1088,366,12402,7460,10378,11.0,253,84.0,16733,578,349,414,1528,66.0,11.0
MWALA,45840,39928.0,38921,32795,77,243,1609,38432.0,5503.0,245.0,35847.0,7415.0,5567.0,0.0,16227.0,7045.0,396.0,1804.0,872.0,0.0,1025.0,843.0,4492.0,484.0,0.0,0.0,2491,982,21862,3517,24657,14.0,7143,32.0,27496,826,428,1437,964,68.0,19.0
YATTA,46153,32541.0,30588,26636,86,317,3099,29903.0,5108.0,287.0,26521.0,3889.0,3452.0,0.0,15119.0,4037.0,407.0,2031.0,918.0,0.0,818.0,821.0,4860.0,990.0,0.0,0.0,1505,505,17142,6150,20987,12.0,5834,59.0,21653,585,309,1507,626,75.0,4.0
MAKUENI,244669,193531.0,180639,157946,394,908,15313,176503.0,34867.0,12328.0,137972.0,45628.0,29899.0,0.0,69800.0,49487.0,6382.0,12906.0,6773.0,0.0,6607.0,5887.0,33585.0,12286.0,1564.0,0.0,9659,3192,96923,27988,118982,73.0,30697,129.0,133836,4986,2755,12302,3675,324.0,66.0
KATHONZWENI,18365,15666.0,14130,13978,24,60,703,13792.0,5465.0,50.0,7183.0,1179.0,982.0,0.0,11177.0,781.0,106.0,646.0,293.0,0.0,989.0,537.0,1605.0,175.0,220.0,0.0,609,180,8860,2296,12320,7.0,7244,10.0,12254,196,125,1936,96,21.0,6.0
KIBWEZI,47912,33820.0,29084,27645,77,166,2036,27902.0,9449.0,132.0,10918.0,3984.0,1560.0,0.0,21402.0,1184.0,236.0,1291.0,396.0,0.0,1582.0,1597.0,3302.0,445.0,367.0,0.0,708,434,15179,5902,23851,8.0,2515,20.0,22767,717,355,2752,247,61.0,16.0
KILUNGU,14586,12881.0,12457351,10182,26,71,1659,12264.0,328.0,3882.0,11953.0,6415.0,2679.0,0.0,397.0,8065.0,1342.0,1141.0,706.0,0.0,81.0,114.0,3520.0,2831.0,62.0,0.0,1121,225,5694,1265,5833,11.0,559,4.0,8451,505,270,547,562,23.0,2.0
MAKINDU,21756,14334.0,12115,11710,28,151,984,11577.0,2694.0,70.0,6083.0,1205.0,1189.0,0.0,8944.0,476.0,123.0,694.0,203.0,0.0,468.0,503.0,1434.0,152.0,70.0,0.0,295,197,5562,2669,9872,12.0,996,9.0,9635,343,326,1343,128,21.0,2.0
MAKUENI,34479,26021.0,25179,20749,84,106,2125,24706.0,4234.0,750.0,22675.0,7769.0,5789.0,0.0,6568.0,9637.0,755.0,2016.0,1126.0,0.0,566.0,912.0,5365.0,1871.0,214.0,0.0,1544,523,13900,2339,14213,10.0,4645,23.0,17975,570,258,1425,803,62.0,21.0
MBOONI EAST,23734,21461.0,20939,17985,32,123,1183,20622.0,5991.0,193.0,18669.0,4005.0,3983.0,0.0,8710.0,6192.0,332.0,1164.0,713.0,0.0,1174.0,624.0,3330.0,933.0,194.0,0.0,1128,578,12220,1627,14226,4.0,7193,12.0,15467,976,501,1446,312,29.0,5.0
MBOONI WEST,24833,22069.0,21464,16721,30,57,3248,21181.0,1445.0,4472.0,20651.0,9076.0,5390.0,0.0,1370.0,11744.0,1731.0,2416.0,1656.0,0.0,417.0,376.0,6850.0,2943.0,118.0,0.0,1890,351,9220,2011,10244,3.0,747,6.0,14219,744,469,453,563,27.0,4.0
MUKAA,28185,22133.0,21171,18432,36,70,1026,20838.0,1866.0,2397.0,19847.0,6186.0,4042.0,0.0,2658.0,5720.0,786.0,1217.0,847.0,0.0,454.0,420.0,2893.0,1187.0,46.0,0.0,1095,266,12962,5285,13402,5.0,1925,22.0,15604,341,200,897,488,34.0,1.0
NZAUI,30819,25146.0,24100,20544,57,104,2349,23621.0,3395.0,382.0,19993.0,5809.0,4285.0,0.0,8574.0,5688.0,971.0,2321.0,833.0,0.0,876.0,804.0,5286.0,1749.0,273.0,0.0,1269,438,13326,4594,15021,13.0,4873,23.0,17464,594,251,1503,476,46.0,9.0
NYANDARUA,179686,140854.0,135148,110337,250,603,4218,114595.0,1793.0,119679.0,59481.0,1038.0,3788.0,2719.0,4241.0,3956.0,64651.0,3099.0,43964.0,0.0,0.0,0.0,74358.0,3636.0,0.0,0.0,62978,9637,23151,53860,12196,0.0,6668,512.0,80850,7065,1996,2442,9263,233.0,16.0
KINANGOP,30970,23636.0,22292,18291,28,50,502,13568.0,35.0,20282.0,3784.0,40.0,84.0,85.0,971.0,83.0,15861.0,118.0,4652.0,0.0,0.0,0.0,12808.0,80.0,0.0,0.0,13083,1741,1297,8503,688,0.0,635,37.0,11473,1371,325,194,1529,25.0,3.0
NYANDARUA SOUTH,25822,20400.0,19621,16405,23,83,196,15798.0,66.0,18318.0,5585.0,35.0,97.0,447.0,379.0,64.0,13047.0,133.0,8531.0,0.0,0.0,0.0,13258.0,90.0,0.0,0.0,12458,2009,1977,7688,409,0.0,643,10.0,10747,1301,275,370,1752,23.0,1.0
MIRANGINE,18816,14488.0,14078,11271,30,43,237,12400.0,62.0,13109.0,4788.0,53.0,88.0,47.0,396.0,295.0,6571.0,223.0,5355.0,0.0,0.0,0.0,8003.0,64.0,0.0,0.0,7888,1142,1422,5381,649,0.0,1160,24.0,8013,533,167,127,878,26.0,5.0
KIPIPIRI,25200,21702.0,20973,17349,38,93,1302,17870.0,108.0,18566.0,10808.0,63.0,490.0,642.0,533.0,525.0,10197.0,458.0,7854.0,0.0,0.0,0.0,11311.0,423.0,0.0,0.0,9357,1760,5081,9301,1165,0.0,954,32.0,12813,1405,600,641,1223,36.0,1.0
NYANDARUA CENTRAL,21942,16111.0,15535,12171,36,83,185,14729.0,203.0,13376.0,9967.0,59.0,328.0,228.0,429.0,550.0,6477.0,591.0,5325.0,0.0,0.0,0.0,8579.0,334.0,0.0,0.0,6015,838,2448,6309,1796,0.0,1519,72.0,9754,857,208,258,952,33.0,1.0
NYANDARUA WEST,29008,21047.0,20060,16014,26,100,319,18616.0,129.0,16949.0,9871.0,55.0,450.0,534.0,925.0,720.0,6391.0,374.0,5685.0,0.0,0.0,0.0,9870.0,868.0,0.0,0.0,7930,1192,3089,7768,2251,0.0,826,89.0,12591,931,214,285,1495,24.0,1.0
NYANDARUA NORTH,27917,23468.0,22587,18834,69,151,1477,21613.0,1190.0,19077.0,14678.0,733.0,2251.0,736.0,608.0,1719.0,6106.0,1201.0,6562.0,0.0,0.0,0.0,10529.0,1777.0,0.0,0.0,6245,955,7837,8909,5238,0.0,931,248.0,15457,665,206,567,1434,66.0,4.0
ABERDARE NATIONAL PA,11,2.0,2,2,0,0,0,1.0,0.0,2.0,0.0,0.0,0.0,0.0,0.0,0.0,1.0,1.0,0.0,0.0,0.0,0.0,0.0,0.0,0.0,0.0,2,0,0,1,0,0.0,0,0.0,2,2,1,0,0,0.0,0.0
NYERI,248050,164229.0,154421,122979,760,1264,23545,138426.0,3354.0,0.0,108919.0,125889.0,13597.0,34618.0,2536.0,2311.0,81891.0,45430.0,12864.0,27917.0,0.0,0.0,71714.0,23622.0,0.0,0.0,51342,7267,28563,33893,41183,0.0,439,2305.0,84273,8973,2370,3514,9302,718.0,58.0
TETU,24139,20387.0,19625,15595,101,155,739,18703.0,177.0,0.0,16979.0,17212.0,1576.0,6022.0,98.0,258.0,14230.0,6799.0,1781.0,3421.0,0.0,0.0,12240.0,3769.0,0.0,0.0,8151,1174,1849,3164,4905,0.0,19,353.0,10087,1722,432,507,1132,94.0,12.0
KIENI EAST,36835,23138.0,21124,17802,170,185,9435,17784.0,813.0,0.0,19154.0,17620.0,477.0,2658.0,570.0,647.0,2222.0,7932.0,1876.0,3518.0,0.0,0.0,7667.0,2154.0,0.0,0.0,3910,441,8360,8961,4308,0.0,94,128.0,14277,579,131,551,1606,164.0,4.0
KIENI WEST,27619,21942.0,20488,17108,63,106,3417,18569.0,1296.0,0.0,18163.0,16912.0,532.0,2522.0,1342.0,379.0,1987.0,5527.0,1673.0,7839.0,0.0,0.0,7190.0,1596.0,0.0,0.0,5477,760,7504,7928,4320,0.0,251,67.0,13258,848,247,792,1440,61.0,9.0
MATHIRA EAST,35044,20473.0,19174,14460,66,123,4003,15719.0,123.0,0.0,9506.0,13036.0,1696.0,3659.0,74.0,275.0,12612.0,7727.0,1431.0,2717.0,0.0,0.0,9847.0,4137.0,0.0,0.0,6432,956,2593,3225,4191,0.0,9,540.0,8847,1121,280,193,1046,64.0,1.0
MATHIRA WEST,19020,15919.0,15242,11854,75,139,2272,14301.0,151.0,0.0,13009.0,13485.0,2048.0,3869.0,72.0,133.0,10735.0,3105.0,1204.0,1492.0,0.0,0.0,5531.0,2539.0,0.0,0.0,4907,516,2295,3675,4188,0.0,23,294.0,8785,625,171,347,800,66.0,9.0
NYERI SOUTH,28228,21243.0,20337,15458,92,222,1012,17672.0,137.0,0.0,13064.0,15126.0,1099.0,5291.0,92.0,343.0,13483.0,9351.0,1887.0,4813.0,0.0,0.0,13022.0,2820.0,0.0,0.0,7718,1186,2573,2538,4863,0.0,3,320.0,8720,1470,353,323,1198,83.0,9.0
MUKURWE0INI,27040,22973.0,22075,18730,113,200,1352,20938.0,484.0,0.0,5816.0,19153.0,4756.0,6743.0,116.0,104.0,17368.0,1636.0,1437.0,1900.0,0.0,0.0,9201.0,4313.0,0.0,0.0,10494,1671,1665,1553,10379,0.0,3,229.0,12457,1443,410,538,1406,109.0,8.0
NYERI CENTRAL,49945,18108.0,16311,11956,80,134,1311,14736.0,172.0,0.0,13184.0,13326.0,1413.0,3853.0,171.0,172.0,9254.0,3345.0,1574.0,2216.0,0.0,0.0,7009.0,2294.0,0.0,0.0,4251,562,1716,2841,4029,0.0,37,374.0,7832,1165,346,262,674,77.0,6.0
MT. KENYA FOREST,101,44.0,43,15,0,0,2,3.0,1.0,0.0,42.0,18.0,0.0,0.0,0.0,0.0,0.0,7.0,0.0,0.0,0.0,0.0,6.0,0.0,0.0,0.0,1,1,8,8,0,0.0,0,0.0,10,0,0,1,0,0.0,0.0
ABERDARE FOREST,79,2.0,2,1,0,0,2,1.0,0.0,0.0,2.0,1.0,0.0,1.0,1.0,0.0,0.0,1.0,1.0,1.0,0.0,0.0,1.0,0.0,0.0,0.0,1,0,0,0,0,0.0,0,0.0,0,0,0,0,0,0.0,0.0
KIRINYAGA,204188,139866.0,130577,97394,702,1796,42309,100197.0,8880.0,21557.0,22133.0,83440.0,20215.0,25556.0,0.0,4285.0,73990.0,18370.0,15866.0,10460.0,2643.0,2049.0,40338.0,19104.0,0.0,0.0,29013,8588,25622,9616,42477,0.0,564,2410.0,74137,4680,2007,2844,8727,606.0,54.0
KIRINYAGA CENTRAL,40225,27890.0,25884,19963,154,235,5645,20599.0,936.0,1399.0,4489.0,16778.0,2785.0,4705.0,0.0,166.0,17432.0,6341.0,3281.0,3631.0,320.0,141.0,10337.0,3704.0,0.0,0.0,7798,2414,3181,1375,8413,0.0,5,782.0,14507,940,452,357,1989,76.0,6.0
KIRINYAGA EAST,44571,36150.0,34695,26424,184,388,7495,26017.0,887.0,1139.0,9543.0,22155.0,8136.0,7676.0,0.0,277.0,26011.0,7674.0,3589.0,3515.0,264.0,498.0,14083.0,7848.0,0.0,0.0,9861,3329,6230,2416,9521,0.0,10,507.0,20145,1426,589,1527,2465,179.0,17.0
KIRINYAGA WEST,38309,27280.0,25922,19503,195,484,5012,22028.0,1436.0,1193.0,2302.0,19144.0,4494.0,7243.0,0.0,299.0,17617.0,2966.0,1803.0,2284.0,319.0,304.0,7961.0,4392.0,0.0,0.0,7548,1859,3531,1882,9961,0.0,19,396.0,14535,963,409,439,2032,191.0,17.0
MWEA EAST,46340,25729.0,23390,16853,108,363,12563,17855.0,2136.0,7991.0,5477.0,14361.0,2989.0,3226.0,0.0,1530.0,7892.0,957.0,3014.0,670.0,498.0,807.0,4659.0,2096.0,0.0,0.0,2280,633,6508,1956,8649,0.0,196,360.0,13335,738,344,373,1339,102.0,7.0
MWEA WEST,34720,22809.0,20680,14647,61,326,11594,13695.0,3485.0,9835.0,322.0,10999.0,1811.0,2705.0,0.0,2013.0,5037.0,430.0,4177.0,360.0,1242.0,299.0,3296.0,1064.0,0.0,0.0,1525,352,6172,1987,5933,0.0,334,365.0,11612,613,213,148,902,58.0,7.0
MT. KENYA FOREST,23,8.0,6,4,0,0,0,3.0,0.0,0.0,0.0,3.0,0.0,1.0,0.0,0.0,1.0,2.0,2.0,0.0,0.0,0.0,2.0,0.0,0.0,0.0,1,1,0,0,0,0.0,0,0.0,3,0,0,0,0,0.0,0.0
MURANG'A,318105,231400.0,219973,175123,450,1345,11205,202745.0,6021.0,0.0,91878.0,177211.0,49778.0,60504.0,0.0,3208.0,144925.0,35857.0,13611.0,26806.0,0.0,0.0,86317.0,21753.0,0.0,0.0,82912,17983,30738,22478,66761,0.0,621,11053.0,117623,10341,3161,3488,14565,428.0,36.0
MURANG'A EAST,34734,21474.0,20308,16339,58,211,1310,19674.0,1209.0,0.0,4080.0,18506.0,6365.0,5912.0,0.0,288.0,12802.0,508.0,840.0,1172.0,0.0,0.0,3511.0,2443.0,0.0,0.0,5511,909,4319,1338,9341,0.0,19,338.0,12245,969,264,326,1292,54.0,6.0
KANGEMA,25293,20585.0,19897,15788,35,84,501,18294.0,162.0,0.0,8612.0,14126.0,3079.0,6542.0,0.0,439.0,13971.0,7310.0,989.0,5146.0,0.0,0.0,12736.0,2770.0,0.0,0.0,8528,2299,2175,2785,6191,0.0,0,189.0,8654,1647,395,295,1506,35.0,2.0
MATHIOYA,28400,23395.0,22656,18202,43,128,902,20339.0,144.0,0.0,10072.0,16968.0,3485.0,6725.0,0.0,400.0,15506.0,4847.0,1293.0,3811.0,0.0,0.0,11983.0,1862.0,0.0,0.0,10944,2050,2222,2269,7060,0.0,4,247.0,10618,1798,510,361,1606,41.0,3.0
KAHURO,26930,23127.0,22332,18940,44,103,789,20102.0,186.0,0.0,6643.0,17593.0,5203.0,7455.0,0.0,123.0,17333.0,3864.0,1336.0,2921.0,0.0,0.0,10963.0,2047.0,0.0,0.0,11942,2645,1691,3638,6868,0.0,4,263.0,12794,1139,493,256,1267,42.0,3.0
MURANG'A SOUTH,55998,37654.0,35260,27467,79,283,2952,34203.0,2011.0,0.0,12936.0,31932.0,12222.0,9470.0,0.0,681.0,20062.0,941.0,2800.0,1545.0,0.0,0.0,7831.0,3037.0,0.0,0.0,8616,1521,6484,2705,12698,0.0,288,2876.0,21579,926,397,706,2739,74.0,8.0
GATANGA,55461,35429.0,32990,25793,74,234,1791,29265.0,1388.0,0.0,15923.0,26024.0,5932.0,6959.0,0.0,734.0,20722.0,6333.0,2421.0,4153.0,0.0,0.0,12711.0,2902.0,0.0,0.0,9867,3239,5856,2763,10904,0.0,131,1483.0,17661,1255,367,863,1964,73.0,3.0
KIGUMO,40552,31110.0,29917,23808,63,119,936,26237.0,345.0,0.0,10591.0,20959.0,4411.0,5784.0,0.0,364.0,16971.0,7138.0,1355.0,4143.0,0.0,0.0,12360.0,1483.0,0.0,0.0,13140,2692,3962,4274,5345,0.0,33,1480.0,14926,1204,379,285,1733,59.0,6.0
KANDARA,50704,38624.0,36611,28785,54,183,2024,34630.0,576.0,0.0,23019.0,31103.0,9081.0,11657.0,0.0,179.0,27558.0,4914.0,2577.0,3914.0,0.0,0.0,14221.0,5209.0,0.0,0.0,14364,2628,4028,2706,8354,0.0,142,4177.0,19145,1403,356,396,2458,50.0,5.0
ABERDARE FOREST,33,2.0,2,1,0,0,0,1.0,0.0,0.0,2.0,0.0,0.0,0.0,0.0,0.0,0.0,2.0,0.0,1.0,0.0,0.0,1.0,0.0,0.0,0.0,0,0,1,0,0,0.0,0,0.0,1,0,0,0,0,0.0,0.0
KIAMBU,795241,214052.0,177419,147137,417,1317,14835,144125.0,0.0,0.0,108457.0,120887.0,9816.0,18416.0,0.0,0.0,74810.0,41121.0,17996.0,28684.0,0.0,0.0,103524.0,19981.0,0.0,0.0,67014,9559,10511,30251,21854,0.0,3891,9731.0,92248,14138,4156,1535,7577,379.0,52.0
GATUNDU NORTH,31472,21532.0,19457,15368,23,75,716,14604.0,0.0,0.0,9382.0,11788.0,1170.0,3276.0,0.0,0.0,12602.0,3163.0,1568.0,2023.0,0.0,0.0,7309.0,2228.0,0.0,0.0,8476,1752,1090,3478,3425,0.0,38,334.0,8758,1580,271,261,1025,22.0,3.0
GATUNDU SOUTH,35609,25074.0,23552,17818,62,146,740,20819.0,0.0,0.0,17143.0,18372.0,2420.0,4625.0,0.0,0.0,17800.0,4400.0,1837.0,3373.0,0.0,0.0,11440.0,4949.0,0.0,0.0,10414,1615,1195,4686,3028,0.0,21,483.0,11795,1241,383,256,930,55.0,10.0
GITHUNGURI,49426,29745.0,26504,21117,31,113,1734,23166.0,0.0,0.0,16428.0,18081.0,1484.0,2396.0,0.0,0.0,16563.0,7734.0,3565.0,4711.0,0.0,0.0,16009.0,3922.0,0.0,0.0,14861,1336,1230,2418,2105,0.0,103,911.0,12195,1672,530,164,849,27.0,4.0
JUJA,104301,15859.0,9564,11395,50,192,1658,7436.0,0.0,0.0,2362.0,6226.0,1062.0,1416.0,0.0,0.0,2618.0,1021.0,1514.0,1316.0,0.0,0.0,3870.0,1046.0,0.0,0.0,1457,303,1148,1659,2595,0.0,205,452.0,9001,1077,402,94,808,45.0,8.0
KABETE,66710,15713.0,11756,10463,32,66,2681,8812.0,0.0,0.0,5859.0,7216.0,231.0,501.0,0.0,0.0,2999.0,1917.0,811.0,1657.0,0.0,0.0,8232.0,808.0,0.0,0.0,4188,600,464,1352,899,0.0,130,2176.0,5159,1116,322,41,401,29.0,3.0
KIAMBAA,80332,13339.0,10223,8350,18,68,909,8788.0,0.0,0.0,5605.0,7620.0,461.0,973.0,0.0,0.0,4482.0,1404.0,1091.0,1331.0,0.0,0.0,6127.0,1208.0,0.0,0.0,2673,364,540,1415,1144,0.0,114,1230.0,4659,930,322,61,381,17.0,2.0
KIAMBU,47275,10505.0,7831,6907,28,80,728,6657.0,0.0,0.0,3172.0,5238.0,570.0,737.0,0.0,0.0,4229.0,835.0,909.0,955.0,0.0,0.0,3833.0,1477.0,0.0,0.0,2156,289,318,874,1251,0.0,51,1413.0,3919,946,325,86,429,28.0,4.0
KIKUYU,60686,17693.0,14832,11772,26,70,876,13449.0,0.0,0.0,12438.0,12733.0,338.0,782.0,0.0,0.0,3174.0,2178.0,1259.0,2421.0,0.0,0.0,8210.0,1054.0,0.0,0.0,3771,479,575,2447,1896,0.0,957,1336.0,8393,1066,321,141,416,25.0,1.0
LARI,38592,25602.0,23860,18031,40,72,1219,16282.0,0.0,0.0,19240.0,12158.0,305.0,1089.0,0.0,0.0,4896.0,12078.0,1578.0,4917.0,0.0,0.0,20622.0,780.0,0.0,0.0,11369,1636,1547,6324,1007,0.0,988,144.0,11012,1646,387,178,1110,38.0,3.0
LIMURU,49174,19202.0,16888,12561,25,69,1003,14312.0,0.0,0.0,14217.0,13413.0,179.0,540.0,0.0,0.0,1617.0,4908.0,1344.0,3755.0,0.0,0.0,11999.0,567.0,0.0,0.0,5747,745,648,3982,1168,0.0,1106,536.0,7653,1238,247,127,471,22.0,4.0
RUIRU,129470,8590.0,5013,5960,37,105,1003,3554.0,0.0,0.0,970.0,2756.0,478.0,689.0,0.0,0.0,1423.0,681.0,939.0,885.0,0.0,0.0,2367.0,807.0,0.0,0.0,748,217,407,626,1226,0.0,112,287.0,4402,827,341,35,320,32.0,6.0
THIKA EAST,12736,4700.0,3739,3340,17,125,863,3304.0,0.0,0.0,752.0,3024.0,620.0,634.0,0.0,0.0,1111.0,305.0,651.0,563.0,0.0,0.0,1472.0,458.0,0.0,0.0,389,50,1123,678,1246,0.0,47,107.0,2673,150,36,67,212,17.0,0.0
THIKA WEST,89458,6498.0,4200,4055,28,136,705,2942.0,0.0,0.0,889.0,2262.0,498.0,758.0,0.0,0.0,1296.0,497.0,930.0,777.0,0.0,0.0,2034.0,677.0,0.0,0.0,765,173,226,312,864,0.0,19,322.0,2629,649,269,24,225,22.0,4.0
TURKANA,164519,61209.0,14240,56643,398,4522,4968,9751.0,10225.0,0.0,0.0,0.0,0.0,0.0,1991.0,0.0,0.0,0.0,0.0,0.0,0.0,2917.0,1827.0,0.0,0.0,0.0,561,308,10117,40870,52740,15589.0,13570,67.0,5501,695,466,302,45,333.0,101.0
KIBISH,5805,3955.0,148,3896,18,20,64,85.0,24.0,0.0,0.0,0.0,0.0,0.0,7.0,0.0,0.0,0.0,0.0,0.0,0.0,61.0,46.0,0.0,0.0,0.0,88,53,2196,3404,3707,526.0,2294,1.0,190,23,24,2,4,16.0,0.0
LOIMA,19438,9743.0,2584,9157,63,91,1072,1732.0,2167.0,0.0,0.0,0.0,0.0,0.0,414.0,0.0,0.0,0.0,0.0,0.0,0.0,323.0,201.0,0.0,0.0,0.0,91,39,976,5896,8656,2616.0,1565,17.0,1055,161,130,53,13,56.0,11.0
TURKANA CENTRAL,38173,11229.0,2646,10671,120,2659,743,1392.0,2122.0,0.0,0.0,0.0,0.0,0.0,404.0,0.0,0.0,0.0,0.0,0.0,0.0,834.0,198.0,0.0,0.0,0.0,101,62,330,7132,9785,1826.0,731,14.0,1442,200,108,8,12,106.0,41.0
TURKANA EAST,17981,9618.0,2845,8759,54,69,1497,2695.0,1922.0,0.0,0.0,0.0,0.0,0.0,331.0,0.0,0.0,0.0,0.0,0.0,0.0,460.0,272.0,0.0,0.0,0.0,73,38,2714,7482,8223,4243.0,2735,13.0,801,92,49,136,3,54.0,5.0
TURKANA NORTH,13119,6956.0,161,6931,53,1576,45,53.0,25.0,0.0,0.0,0.0,0.0,0.0,8.0,0.0,0.0,0.0,0.0,0.0,0.0,62.0,62.0,0.0,0.0,0.0,57,41,425,4309,6526,1484.0,1172,5.0,548,48,44,3,1,27.0,30.0
TURKANA SOUTH,24552,10257.0,2979,8703,39,63,1196,2824.0,1518.0,0.0,0.0,0.0,0.0,0.0,607.0,0.0,0.0,0.0,0.0,0.0,0.0,785.0,780.0,0.0,0.0,0.0,68,20,902,6178,8059,2447.0,1203,5.0,907,106,74,65,4,31.0,3.0
TURKANA WEST,45451,9451.0,2877,8526,51,44,351,970.0,2447.0,0.0,0.0,0.0,0.0,0.0,220.0,0.0,0.0,0.0,0.0,0.0,0.0,392.0,268.0,0.0,0.0,0.0,83,55,2574,6469,7784,2447.0,3870,12.0,558,65,37,35,8,43.0,11.0
WEST POKOT,116182,89828.0,80186,78534,620,397,8095,75323.0,18754.0,11316.0,43812.0,2126.0,2942.0,0.0,2193.0,14413.0,8146.0,4808.0,10145.0,1140.0,11759.0,1035.0,18662.0,4006.0,0.0,0.0,11076,3253,51874,40004,48267,3281.0,3378,64.0,52039,2376,1419,15207,228,518.0,87.0
KIPKOMO,18370,14921.0,13998,13129,68,70,2577,13733.0,4632.0,686.0,10477.0,539.0,818.0,0.0,297.0,3029.0,660.0,1054.0,2115.0,188.0,2829.0,106.0,3501.0,558.0,0.0,0.0,1075,518,9283,7446,8004,18.0,949,9.0,10246,449,280,2079,54,58.0,6.0
POKOT CENTRAL,21850,17573.0,14219,15106,61,72,3257,13864.0,2097.0,644.0,7281.0,909.0,613.0,0.0,838.0,4137.0,656.0,1168.0,1691.0,372.0,3822.0,226.0,2533.0,1659.0,0.0,0.0,549,288,9374,6402,10625,435.0,230,3.0,9123,268,99,1911,15,55.0,10.0
POKOT NORTH,25804,20563.0,17933,18947,164,87,341,17561.0,7692.0,285.0,8915.0,117.0,261.0,0.0,488.0,622.0,242.0,432.0,462.0,278.0,1607.0,486.0,1313.0,370.0,0.0,0.0,751,737,14950,9292,16945,2457.0,493,30.0,10563,455,289,5888,34,144.0,38.0
POKOT SOUTH,13817,12241.0,11709,11091,68,31,1085,8398.0,481.0,7886.0,4585.0,181.0,413.0,0.0,87.0,1998.0,4883.0,1146.0,4836.0,63.0,934.0,80.0,5930.0,743.0,0.0,0.0,6033,819,4173,6068,1385,6.0,631,3.0,7743,425,170,1202,39,65.0,6.0
WEST POKOT,36341,24530.0,22327,20261,259,137,835,21767.0,3852.0,1815.0,12554.0,380.0,837.0,0.0,483.0,4627.0,1705.0,1008.0,1041.0,239.0,2567.0,137.0,5385.0,676.0,0.0,0.0,2668,891,14094,10796,11308,365.0,1075,19.0,14364,779,581,4127,86,196.0,27.0
SAMBURU,65910,43149.0,13814,41097,172,278,465,12817.0,0.0,3168.0,10667.0,0.0,346.0,93.0,465.0,721.0,1593.0,2202.0,2458.0,0.0,51.0,0.0,4487.0,0.0,0.0,0.0,1046,1112,29629,34813,34279,9204.0,9857,48.0,13709,634,367,3642,62,145.0,31.0
SAMBURU CENTRAL,34202,22176.0,13217,20248,94,119,355,12561.0,0.0,3134.0,10408.0,0.0,321.0,89.0,425.0,656.0,1556.0,2092.0,2359.0,0.0,49.0,0.0,4291.0,0.0,0.0,0.0,681,663,15372,17003,14671,1843.0,1904,20.0,9358,446,212,2377,46,78.0,6.0
SAMBURU EAST,18424,11460.0,222,11430,23,77,14,59.0,0.0,17.0,53.0,0.0,7.0,2.0,3.0,8.0,13.0,18.0,15.0,0.0,2.0,0.0,33.0,0.0,0.0,0.0,242,301,7544,10104,10780,3784.0,5126,13.0,2914,125,64,468,5,20.0,3.0
SAMBURU NORTH,13284,9513.0,375,9419,55,82,96,197.0,0.0,17.0,206.0,0.0,18.0,2.0,37.0,57.0,24.0,92.0,84.0,0.0,0.0,0.0,163.0,0.0,0.0,0.0,123,148,6713,7706,8828,3577.0,2827,15.0,1437,63,91,797,11,47.0,22.0
TRANS NZOIA,223808,140249.0,129945,96811,713,770,5153,125391.0,9454.0,15289.0,88786.0,10655.0,22537.0,1663.0,1251.0,55116.0,8379.0,9486.0,7414.0,2205.0,12266.0,0.0,43464.0,7816.0,0.0,0.0,34268,3327,33315,33309,7090,0.0,3257,670.0,76678,5329,2025,1959,895,664.0,86.0
TRANS NZOIA WEST,47603,23540.0,21654,16142,108,123,983,20733.0,1886.0,4606.0,16029.0,1823.0,3479.0,268.0,211.0,9683.0,1823.0,2871.0,1338.0,337.0,2178.0,0.0,7093.0,865.0,0.0,0.0,3464,425,7541,5255,1504,0.0,900,211.0,12919,698,294,299,135,101.0,13.0
TRANS NZOIA EAST,50017,36921.0,34999,26385,198,189,1106,34049.0,1992.0,3387.0,22193.0,1392.0,4123.0,360.0,240.0,12863.0,2349.0,1380.0,2243.0,194.0,3921.0,0.0,12007.0,1684.0,0.0,0.0,14150,992,6653,10280,934,0.0,699,95.0,20374,1451,360,789,206,184.0,14.0
KWANZA,45752,28502.0,26223,18991,170,174,877,25420.0,1951.0,1826.0,17713.0,2149.0,4626.0,344.0,274.0,9958.0,1377.0,1374.0,1018.0,303.0,2610.0,0.0,7917.0,1047.0,0.0,0.0,6666,731,6514,6844,853,0.0,388,147.0,14788,1194,563,232,168,159.0,31.0
ENDEBESS,23705,16775.0,15624,11952,38,43,1189,14936.0,1591.0,2818.0,11555.0,831.0,1698.0,196.0,145.0,4196.0,1055.0,2130.0,979.0,99.0,1547.0,0.0,3922.0,310.0,0.0,0.0,2611,384,5446,5146,2004,0.0,1050,58.0,9076,440,198,220,76,30.0,4.0
KIMININI,56731,34511.0,31445,23341,199,241,998,30253.0,2034.0,2652.0,21296.0,4460.0,8611.0,495.0,381.0,18416.0,1775.0,1731.0,1836.0,1272.0,2010.0,0.0,12525.0,3910.0,0.0,0.0,7377,795,7161,5784,1795,0.0,220,159.0,19521,1546,610,419,310,190.0,24.0
UASIN GISHU,304943,141547.0,132009,104671,524,708,5141,126577.0,8982.0,23950.0,67257.0,2675.0,10382.0,8148.0,0.0,21501.0,12737.0,9092.0,16729.0,0.0,15684.0,0.0,46064.0,4704.0,0.0,0.0,44163,3056,42622,44277,6478,19.0,1693,847.0,73895,5430,1773,5442,1047,477.0,61.0
AINABKOI,34892,17845.0,16705,13513,69,88,640,15828.0,743.0,6235.0,8536.0,125.0,900.0,1254.0,0.0,1494.0,2495.0,1137.0,3143.0,0.0,1908.0,0.0,6450.0,266.0,0.0,0.0,6434,614,4985,7021,530,3.0,116,97.0,8877,790,364,862,169,58.0,8.0
KAPSERET,59746,16891.0,14835,11835,65,100,611,13839.0,741.0,1983.0,6530.0,324.0,1237.0,378.0,0.0,3103.0,1331.0,1218.0,2048.0,0.0,642.0,0.0,6079.0,690.0,0.0,0.0,6064,517,2764,3682,625,1.0,55,234.0,8132,889,296,458,130,62.0,3.0
KESSES,34653,24309.0,23307,18175,55,84,640,22229.0,1332.0,8846.0,12119.0,184.0,1411.0,754.0,0.0,3275.0,3946.0,1350.0,5395.0,0.0,1283.0,0.0,9885.0,523.0,0.0,0.0,9445,729,6667,7519,563,3.0,735,42.0,11969,948,230,998,233,53.0,5.0
MOIBEN,46729,22915.0,21714,17708,117,105,1266,20805.0,2128.0,3635.0,12677.0,234.0,1456.0,3673.0,0.0,2461.0,2085.0,1866.0,2205.0,0.0,6591.0,0.0,6999.0,515.0,0.0,0.0,4796,374,10454,10281,1801,3.0,288,144.0,12264,694,250,1630,231,113.0,16.0
SOY,53784,33352.0,31494,24693,100,153,1093,30817.0,2259.0,1764.0,15491.0,689.0,2845.0,1658.0,0.0,5141.0,1744.0,2003.0,1870.0,0.0,3382.0,0.0,8758.0,646.0,0.0,0.0,10563,371,9815,10157,1385,4.0,443,79.0,18855,1011,281,900,133,90.0,12.0
TURBO,75139,26235.0,23954,18747,118,178,891,23059.0,1779.0,1487.0,11904.0,1119.0,2533.0,431.0,0.0,6027.0,1136.0,1518.0,2068.0,0.0,1878.0,0.0,7893.0,2064.0,0.0,0.0,6861,451,7937,5617,1574,5.0,56,251.0,13798,1098,352,594,151,101.0,17.0
ELGEYO/MARAKWET,99861,74881.0,71084,54322,280,340,8383,62633.0,9624.0,27205.0,39126.0,2276.0,4123.0,1369.0,1744.0,12325.0,10555.0,4105.0,13775.0,1772.0,20353.0,548.0,22876.0,2021.0,0.0,0.0,13432,1802,31393,27835,10730,21.0,1708,49.0,32412,1512,670,5141,530,260.0,35.0
KEIYO NORTH,21947,15190.0,14339,10582,29,58,809,13527.0,1612.0,3018.0,9650.0,199.0,791.0,648.0,223.0,2011.0,1223.0,934.0,1346.0,83.0,4971.0,87.0,3671.0,253.0,0.0,0.0,1902,177,6845,5631,1816,7.0,163,7.0,6608,207,60,910,157,27.0,2.0
KEIYO SOUTH,27029,21518.0,20441,16550,113,115,1074,18562.0,2052.0,8789.0,11723.0,682.0,1443.0,285.0,484.0,3660.0,4234.0,1045.0,5207.0,1061.0,4870.0,123.0,7646.0,305.0,0.0,0.0,5304,774,9063,8509,2877,5.0,531,11.0,10318,574,216,1859,172,105.0,10.0
MARAKWET EAST,21362,15779.0,14723,11044,36,69,4250,11779.0,3887.0,4840.0,6388.0,1186.0,935.0,194.0,835.0,2875.0,1498.0,1160.0,2231.0,535.0,5590.0,225.0,3840.0,705.0,0.0,0.0,1462,328,6168,5397,4056,6.0,127,6.0,5108,184,109,1083,22,33.0,6.0
MARAKWET WEST,29523,22394.0,21581,16146,102,98,2250,18765.0,2073.0,10558.0,11365.0,209.0,954.0,242.0,202.0,3779.0,3600.0,966.0,4991.0,93.0,4922.0,113.0,7719.0,758.0,0.0,0.0,4764,523,9317,8298,1981,3.0,887,25.0,10378,547,285,1289,179,95.0,17.0
NANDI,199426,148887.0,143017,111347,824,1034,3777,134408.0,14875.0,18045.0,79216.0,17146.0,25641.0,1766.0,0.0,68158.0,14764.0,10084.0,32316.0,1343.0,12788.0,0.0,58494.0,22885.0,0.0,0.0,54653,5315,43268,28054,10032,0.0,3116,201.0,78490,6867,2285,3937,1248,777.0,79.0
CHESUMEI,39051,26835.0,25504,20274,124,155,557,23735.0,1785.0,3790.0,11413.0,1437.0,3521.0,261.0,0.0,11721.0,2941.0,1297.0,4512.0,149.0,1722.0,0.0,11747.0,3105.0,0.0,0.0,13575,1063,4170,5720,647,0.0,36,29.0,13598,1752,531,586,265,118.0,10.0
NANDI CENTRAL,34400,23951.0,22841,17343,125,168,516,20895.0,1667.0,3236.0,11961.0,2319.0,3917.0,217.0,0.0,11458.0,2304.0,1233.0,4997.0,186.0,1517.0,0.0,10053.0,3223.0,0.0,0.0,8901,868,5918,3902,970,0.0,51,57.0,11421,1265,326,664,255,118.0,8.0
NANDI EAST,29253,16777.0,16093,11896,91,108,738,14873.0,1330.0,3121.0,9441.0,823.0,1860.0,293.0,0.0,6017.0,2296.0,1482.0,4761.0,86.0,1030.0,0.0,7044.0,967.0,0.0,0.0,6573,557,3999,2603,722,0.0,402,12.0,7514,799,292,460,97,85.0,6.0
NANDI NORTH,35297,30073.0,29010,23728,171,264,1080,28171.0,3704.0,3452.0,15124.0,1645.0,3919.0,319.0,0.0,11251.0,3198.0,1697.0,5265.0,268.0,3461.0,0.0,9326.0,4739.0,0.0,0.0,13536,1576,7845,8001,1075,0.0,337,68.0,17300,1352,537,908,163,156.0,26.0
NANDI SOUTH,37094,31054.0,29829,23740,231,219,420,27508.0,2250.0,3165.0,18653.0,8551.0,9671.0,249.0,0.0,18816.0,2843.0,1958.0,8390.0,492.0,1965.0,0.0,12941.0,4965.0,0.0,0.0,8776,910,11798,5195,3179,0.0,488,30.0,17656,1209,334,703,294,223.0,23.0
TINDERET,24331,20197.0,19740,14366,82,120,466,19226.0,4139.0,1281.0,12624.0,2371.0,2753.0,427.0,0.0,8895.0,1182.0,2417.0,4391.0,162.0,3093.0,0.0,7383.0,5886.0,0.0,0.0,3292,341,9538,2633,3439,0.0,1802,5.0,11001,490,265,616,174,77.0,6.0
BARINGO,142518,100465.0,84426,80426,511,841,7165,80000.0,13594.0,12438.0,49579.0,5655.0,7571.0,1310.0,3802.0,18052.0,5585.0,5204.0,11101.0,4242.0,27128.0,1742.0,23812.0,3070.0,0.0,0.0,13012,2709,45272,37159,45686,4368.0,6093,76.0,53611,2032,1029,17720,627,468.0,81.0
BARINGO CENTRAL,23555,15137.0,14047,10403,41,75,354,13463.0,2739.0,877.0,10087.0,1815.0,2185.0,316.0,376.0,6131.0,441.0,1036.0,1401.0,1609.0,5873.0,120.0,4799.0,940.0,0.0,0.0,2643,470,4770,3549,4672,4.0,211,2.0,7357,362,133,1839,96,33.0,6.0
BARINGO NORTH,23500,18409.0,16685,13946,24,109,377,15300.0,3927.0,1052.0,10260.0,1940.0,1974.0,177.0,1161.0,5250.0,433.0,999.0,1432.0,808.0,10639.0,190.0,4096.0,705.0,0.0,0.0,2069,399,7176,5279,8558,12.0,59,6.0,9681,349,241,3365,71,23.0,2.0
EAST POKOT,14498,9565.0,4056,9232,153,87,330,3931.0,1798.0,95.0,1330.0,77.0,69.0,126.0,363.0,101.0,84.0,185.0,73.0,53.0,1114.0,140.0,381.0,80.0,0.0,0.0,406,451,5888,5644,8703,3165.0,617,9.0,3137,170,182,3484,17,137.0,45.0
KOIBATEK,30774,21544.0,20417,16043,48,119,355,19234.0,1545.0,9351.0,12917.0,803.0,1567.0,275.0,416.0,3617.0,4069.0,1192.0,6054.0,264.0,3616.0,104.0,9339.0,707.0,0.0,0.0,6416,815,7012,7393,2012,6.0,2178,35.0,11807,594,232,1000,368,45.0,8.0
MARIGAT,19854,13596.0,11608,10954,64,221,4956,11044.0,1391.0,574.0,5507.0,434.0,614.0,151.0,773.0,1310.0,188.0,935.0,1035.0,299.0,2522.0,948.0,2355.0,428.0,0.0,0.0,568,207,6332,4469,7552,7.0,903,4.0,7956,235,97,2565,27,61.0,6.0
MOGOTIO,18184,13607.0,11962,11756,51,101,537,11524.0,1918.0,199.0,7043.0,537.0,971.0,210.0,397.0,1552.0,209.0,503.0,784.0,1185.0,3195.0,109.0,2118.0,186.0,0.0,0.0,722,181,8786,5591,6751,9.0,1489,17.0,9436,145,67,3174,42,46.0,8.0
TIATY EAST,12153,8607.0,5651,8092,130,129,256,5504.0,276.0,290.0,2435.0,49.0,191.0,55.0,316.0,91.0,161.0,354.0,322.0,24.0,169.0,131.0,724.0,24.0,0.0,0.0,188,186,5308,5234,7438,1165.0,636,3.0,4237,177,77,2293,6,123.0,6.0
LAIKIPIA,149271,90729.0,74338,68281,374,483,9170,70534.0,5306.0,38543.0,53967.0,2671.0,8722.0,3936.0,1781.0,7092.0,7873.0,6415.0,10333.0,0.0,1516.0,740.0,17753.0,4706.0,0.0,0.0,9243,1865,35051,37789,29474,899.0,4212,328.0,50215,2317,618,2982,2226,353.0,26.0
LAIKIPIA CENTRAL,30372,18787.0,16085,15611,129,130,3011,14816.0,2719.0,13179.0,13626.0,505.0,2966.0,411.0,506.0,1332.0,2518.0,1711.0,4090.0,0.0,477.0,257.0,5196.0,1516.0,0.0,0.0,2489,413,8431,8399,5885,17.0,779,92.0,13016,478,106,567,839,125.0,3.0
LAIKIPIA EAST,33505,13192.0,9656,10137,141,114,1233,8911.0,208.0,7815.0,7554.0,305.0,1369.0,342.0,421.0,1144.0,1017.0,794.0,1395.0,0.0,92.0,79.0,2797.0,978.0,0.0,0.0,1338,244,4793,5557,4303,131.0,374,81.0,7117,550,131,355,383,134.0,13.0
LAIKIPIA NORTH,7752,5898.0,455,5809,8,36,69,406.0,20.0,168.0,399.0,21.0,37.0,13.0,15.0,27.0,35.0,57.0,65.0,0.0,11.0,13.0,111.0,18.0,0.0,0.0,26,87,3833,4834,5133,506.0,770,5.0,2847,53,29,1072,4,7.0,1.0
LAIKIPIA WEST,33025,24338.0,20900,17462,38,107,2214,20245.0,1458.0,5245.0,14932.0,746.0,1921.0,930.0,270.0,1121.0,1357.0,1649.0,1665.0,0.0,378.0,219.0,2610.0,647.0,0.0,0.0,1330,636,9660,10228,9276,236.0,1109,43.0,11744,465,189,508,314,33.0,4.0
NYAHURURU,44617,28514.0,27242,19262,58,96,2643,26156.0,901.0,12136.0,17456.0,1094.0,2429.0,2240.0,569.0,3468.0,2946.0,2204.0,3118.0,0.0,558.0,172.0,7039.0,1547.0,0.0,0.0,4060,485,8334,8771,4877,9.0,1180,107.0,15491,771,163,480,686,54.0,5.0
NAKURU,616046,283652.0,261001,191468,565,2494,7942,243535.0,9613.0,140998.0,168112.0,6953.0,16130.0,6021.0,7919.0,32257.0,41413.0,14871.0,65022.0,0.0,13563.0,0.0,114162.0,11097.0,0.0,0.0,52739,6781,67473,76438,33712,61.0,15750,1700.0,140607,10631,3421,5935,7001,517.0,56.0
GILGIL,58920,27273.0,24669,18806,47,113,787,23695.0,982.0,15359.0,21481.0,1034.0,2431.0,329.0,815.0,3010.0,3034.0,1920.0,6023.0,0.0,842.0,0.0,9169.0,1790.0,0.0,0.0,2303,452,7735,8013,4912,2.0,1931,165.0,15496,924,318,506,849,46.0,2.0
KURESOI NORTH,40359,33190.0,32215,22889,73,80,298,30713.0,455.0,23145.0,10963.0,80.0,349.0,1679.0,1224.0,1441.0,7513.0,1006.0,10380.0,0.0,1608.0,0.0,16861.0,269.0,0.0,0.0,8714,991,9862,8937,2244,2.0,2737,28.0,14337,1202,360,1211,504,65.0,12.0
KURESOI SOUTH,34627,28030.0,27142,21651,54,57,197,25349.0,383.0,13872.0,7165.0,82.0,338.0,869.0,820.0,2556.0,7452.0,709.0,8082.0,0.0,2006.0,0.0,15071.0,511.0,0.0,0.0,9497,1030,10250,6647,2158,1.0,1037,6.0,14374,1071,347,1478,257,52.0,4.0
MOLO,41462,26641.0,25114,16948,26,58,331,23531.0,556.0,17167.0,13884.0,231.0,514.0,230.0,985.0,1826.0,5370.0,789.0,7030.0,0.0,995.0,0.0,11244.0,429.0,0.0,0.0,6358,762,4071,7749,1712,6.0,1227,47.0,12251,1130,371,585,779,23.0,3.0
NAIVASHA,117633,33061.0,27272,22748,65,1624,1121,23332.0,321.0,17061.0,20884.0,353.0,1555.0,283.0,745.0,1548.0,4381.0,1850.0,9444.0,0.0,213.0,0.0,12924.0,978.0,0.0,0.0,5273,1022,6839,10321,4740,11.0,2891,250.0,16707,1347,485,399,1118,57.0,9.0
NAKURU EAST,61398,8876.0,6853,4762,34,46,404,5637.0,157.0,2520.0,4448.0,167.0,411.0,171.0,210.0,653.0,739.0,690.0,1023.0,0.0,102.0,0.0,2640.0,277.0,0.0,0.0,824,140,350,1094,849,5.0,39,109.0,3458,573,233,28,208,30.0,2.0
NAKURU NORTH,61728,28990.0,26248,18581,54,110,750,24972.0,751.0,17040.0,21763.0,1544.0,3217.0,334.0,899.0,7952.0,3718.0,2132.0,5821.0,0.0,396.0,0.0,14113.0,2954.0,0.0,0.0,4640,536,3025,7420,3010,4.0,418,353.0,14755,1201,350,86,966,51.0,6.0
NAKURU WEST,64481,8752.0,7369,4490,20,59,304,6573.0,434.0,1347.0,5256.0,148.0,420.0,217.0,125.0,705.0,582.0,632.0,845.0,0.0,625.0,0.0,2728.0,234.0,0.0,0.0,1068,158,1117,1018,823,2.0,53,124.0,2913,486,183,41,87,18.0,1.0
NJORO,61271,41771.0,39826,27775,69,152,514,36788.0,1019.0,22196.0,26751.0,414.0,1584.0,1252.0,1127.0,2941.0,5230.0,1592.0,9109.0,0.0,2371.0,0.0,13922.0,1016.0,0.0,0.0,6560,643,10479,11983,5171,11.0,4012,241.0,20570,1246,346,963,1262,61.0,9.0
RONGAI,52348,29568.0,27400,20521,73,115,1152,26386.0,3207.0,4022.0,21725.0,1250.0,2671.0,445.0,427.0,4627.0,1533.0,2292.0,3777.0,0.0,3271.0,0.0,9197.0,1043.0,0.0,0.0,4813,642,9195,8138,4848,11.0,655,97.0,15727,851,230,326,425,66.0,4.0
SUBUKIA,21819,17500.0,16893,12297,50,80,2084,16559.0,1348.0,7269.0,13792.0,1650.0,2640.0,212.0,542.0,4998.0,1861.0,1259.0,3488.0,0.0,1134.0,0.0,6293.0,1596.0,0.0,0.0,2689,405,4550,5118,3245,6.0,750,280.0,10019,600,198,312,546,48.0,4.0
NAROK,241125,181706.0,150426,150415,687,848,6948,136075.0,23325.0,53966.0,94779.0,2634.0,28542.0,13437.0,4439.0,27875.0,26070.0,17566.0,50324.0,1268.0,14622.0,1302.0,59672.0,18862.0,0.0,0.0,19843,7266,114651,86756,65365,142.0,50087,169.0,95746,4169,2245,10552,723,620.0,118.0
NAROK EAST,25078,19206.0,16634,14591,122,72,761,15197.0,74.0,7917.0,12116.0,99.0,526.0,2182.0,803.0,539.0,3301.0,1201.0,5393.0,137.0,70.0,145.0,4560.0,203.0,0.0,0.0,2188,845,9837,10745,7835,10.0,5723,39.0,8256,345,245,585,57,113.0,19.0
NAROK NORTH,59996,35447.0,32841,26307,154,161,1128,26210.0,199.0,22506.0,12744.0,179.0,630.0,6556.0,1382.0,657.0,10032.0,1422.0,14448.0,200.0,201.0,201.0,14384.0,332.0,0.0,0.0,3827,1595,18493,19403,8386,23.0,13724,55.0,15082,834,456,1202,153,141.0,25.0
NAROK SOUTH,46723,40248.0,34075,35078,143,178,3955,32036.0,4402.0,13943.0,26647.0,463.0,4407.0,2261.0,1393.0,7903.0,6729.0,5766.0,10892.0,263.0,4443.0,254.0,12348.0,3921.0,0.0,0.0,6456,1999,25658,19019,17658,51.0,10691,30.0,19979,998,591,2383,226,122.0,24.0
NAROK WEST,38658,30259.0,16671,27534,95,166,475,15531.0,5878.0,2459.0,11761.0,333.0,5420.0,1081.0,473.0,3484.0,1279.0,2508.0,5786.0,84.0,2119.0,112.0,5942.0,2369.0,0.0,0.0,2317,1191,22226,16849,17535,23.0,5755,15.0,15331,817,413,1696,108,84.0,20.0
TRANS MARA EAST,20506,18907.0,18117,16205,79,83,205,17307.0,8272.0,3610.0,13083.0,563.0,12830.0,487.0,142.0,6715.0,1991.0,2976.0,5293.0,121.0,2985.0,109.0,9404.0,4507.0,0.0,0.0,2059,540,12801,5877,3343,16.0,2411,10.0,13906,450,171,1569,115,71.0,19.0
TRANS MARA WEST,50132,37639.0,32088,30700,94,188,424,29794.0,4500.0,3531.0,18428.0,997.0,4729.0,870.0,246.0,8577.0,2738.0,3693.0,8512.0,463.0,4804.0,481.0,13034.0,7530.0,0.0,0.0,2996,1096,25636,14863,10608,19.0,11783,20.0,23192,725,369,3117,64,89.0,11.0
MAU FOREST,32,0.0,0,0,0,0,0,0.0,0.0,0.0,0.0,0.0,0.0,0.0,0.0,0.0,0.0,0.0,0.0,0.0,0.0,0.0,0.0,0.0,0.0,0.0,0,0,0,0,0,0.0,0,0.0,0,0,0,0,0,0.0,0.0
KAJIADO,316179,97565.0,45954,82157,437,657,12207,37686.0,0.0,12536.0,33885.0,2902.0,4184.0,0.0,1693.0,7029.0,3710.0,10415.0,5801.0,0.0,0.0,2198.0,12860.0,2270.0,0.0,0.0,7099,4171,46503,54683,55397,141.0,21213,683.0,34071,2838,1330,1908,1075,379.0,79.0
ISINYA,71579,6584.0,3482,5311,81,68,1000,2523.0,0.0,404.0,2174.0,157.0,301.0,0.0,101.0,537.0,464.0,890.0,896.0,0.0,0.0,276.0,1490.0,191.0,0.0,0.0,672,500,2492,2977,2130,7.0,357,82.0,2924,403,221,77,134,66.0,13.0
KAJIADO CENTRAL,37238,19641.0,5346,18918,74,96,761,4546.0,0.0,564.0,4191.0,145.0,352.0,0.0,148.0,490.0,387.0,841.0,632.0,0.0,0.0,398.0,1007.0,194.0,0.0,0.0,717,848,14709,16132,15176,53.0,9312,53.0,5270,348,144,351,55,65.0,8.0
KAJIADO NORTH,101378,10726.0,7261,7423,52,78,1082,5704.0,0.0,2759.0,4811.0,563.0,729.0,0.0,178.0,1730.0,737.0,1310.0,1489.0,0.0,0.0,135.0,4024.0,597.0,0.0,0.0,1177,240,639,1065,1366,5.0,165,274.0,5648,781,386,127,348,46.0,9.0
KAJIADO WEST,42774,23089.0,6384,21088,124,223,1490,5497.0,0.0,2496.0,5010.0,478.0,859.0,0.0,459.0,1267.0,504.0,1217.0,1310.0,0.0,0.0,236.0,2334.0,622.0,0.0,0.0,1539,1466,12590,16498,15734,33.0,6737,95.0,5206,528,219,555,157,106.0,32.0
LOITOKITOK,47058,29501.0,20249,22110,84,146,7400,16618.0,0.0,6162.0,15089.0,1384.0,1662.0,0.0,497.0,2795.0,1438.0,5672.0,1326.0,0.0,0.0,856.0,3581.0,615.0,0.0,0.0,2831,909,10591,12517,15050,35.0,2221,169.0,10983,697,293,651,361,75.0,16.0
MASHUURU,16152,8024.0,3232,7307,22,46,474,2798.0,0.0,151.0,2610.0,175.0,281.0,0.0,310.0,210.0,180.0,485.0,148.0,0.0,0.0,297.0,424.0,51.0,0.0,0.0,163,208,5482,5494,5941,8.0,2421,10.0,4040,81,67,147,20,21.0,1.0
KERICHO,206036,150845.0,145850,112740,429,686,2466,132308.0,40485.0,19794.0,92081.0,6234.0,18375.0,4622.0,1683.0,70784.0,14922.0,13602.0,35701.0,0.0,39536.0,0.0,81493.0,23253.0,0.0,0.0,35358,2708,65545,14603,19020,0.0,9640,78.0,71678,4693,1380,2856,1049,392.0,50.0
BELGUT,35012,23573.0,22663,16630,47,67,329,18946.0,5731.0,2032.0,11861.0,740.0,2250.0,494.0,177.0,13457.0,2283.0,1643.0,6748.0,0.0,6385.0,0.0,14310.0,3176.0,0.0,0.0,7221,359,7819,797,1577,0.0,162,7.0,9603,850,178,174,106,37.0,8.0
BURETI,43117,33285.0,31838,25570,96,131,392,26776.0,8122.0,4325.0,17444.0,937.0,5628.0,570.0,452.0,19812.0,4134.0,2032.0,7771.0,0.0,7740.0,0.0,21269.0,7819.0,0.0,0.0,10651,576,12876,2298,1342,0.0,354,20.0,14658,1232,330,239,206,90.0,9.0
KERICHO EAST,44246,23273.0,22152,16785,69,130,384,19606.0,4168.0,2526.0,12640.0,1189.0,2314.0,474.0,194.0,11849.0,1748.0,2222.0,5487.0,0.0,7070.0,0.0,12130.0,2918.0,0.0,0.0,6317,518,8834,1241,2513,0.0,650,11.0,10788,650,185,324,189,65.0,9.0
KIPKELION,24688,22836.0,22555,17580,84,154,649,22245.0,8802.0,2981.0,19284.0,1062.0,2285.0,1518.0,226.0,10319.0,2057.0,2553.0,3923.0,0.0,6413.0,0.0,11500.0,1887.0,0.0,0.0,2699,319,11965,2988,5563,0.0,3429,11.0,12402,540,218,1010,154,79.0,6.0
LONDIANI,31778,25049.0,24405,18306,52,89,371,23742.0,4408.0,6670.0,17196.0,168.0,823.0,998.0,419.0,3764.0,4075.0,1939.0,5420.0,0.0,3408.0,0.0,11276.0,739.0,0.0,0.0,4607,565,11682,5801,1883,0.0,2103,21.0,11650,754,209,860,295,45.0,6.0
SOIN SIGOWET,27195,22829.0,22237,17869,81,115,341,20993.0,9254.0,1260.0,13656.0,2138.0,5075.0,568.0,215.0,11583.0,625.0,3213.0,6352.0,0.0,8520.0,0.0,11008.0,6714.0,0.0,0.0,3863,371,12369,1478,6142,0.0,2942,8.0,12577,667,260,249,99,76.0,12.0
BOMET,187641,152564.0,146327,127375,379,866,1990,122998.0,41522.0,0.0,37261.0,106434.0,3939.0,54045.0,0.0,2331.0,78319.0,26613.0,21900.0,47758.0,943.0,28681.0,940.0,93744.0,40551.0,0.0,39352,3224,79001,21929,20598,8856.0,54,90671.0,5682,1463,4719,1590,350,48.0,0.0
BOMET EAST,29958,26472.0,25650,22463,58,110,428,22805.0,6498.0,0.0,6545.0,20446.0,629.0,10368.0,0.0,453.0,12031.0,4747.0,4123.0,11017.0,199.0,4019.0,154.0,13802.0,4385.0,0.0,4894,682,15643,2136,7070,4392.0,16,15420.0,901,213,615,336,54,5.0,0.0
CHEPALUNGU,33931,31910.0,30692,28939,71,217,728,28697.0,14169.0,0.0,6660.0,25691.0,1036.0,20833.0,0.0,288.0,12660.0,3972.0,5955.0,10168.0,228.0,2700.0,334.0,20038.0,10184.0,0.0,7120,641,19638,7051,8051,2322.0,5,24822.0,1236,255,1641,367,64,10.0,0.0
KONOIN,38178,23845.0,22535,17669,75,102,170,14084.0,3169.0,0.0,3853.0,9161.0,400.0,2978.0,0.0,270.0,13084.0,3468.0,1934.0,6315.0,91.0,2842.0,86.0,14680.0,7131.0,0.0,6523,422,9678,3176,974,255.0,7,9764.0,987,304,827,99,70,16.0,0.0
SOTIK,47315,40497.0,38952,34567,117,277,346,34994.0,10748.0,0.0,10699.0,30378.0,1329.0,13267.0,0.0,768.0,23512.0,7467.0,5120.0,9941.0,238.0,11923.0,208.0,26060.0,12167.0,0.0,11994,932,20554,6262,2468,876.0,14,25677.0,1681,458,968,579,110,8.0,0.0
BOMET CENTRAL,38259,29840.0,28498,23737,58,160,318,22418.0,6938.0,0.0,9504.0,20758.0,545.0,6599.0,0.0,552.0,17032.0,6959.0,4768.0,10317.0,187.0,7197.0,158.0,19164.0,6684.0,0.0,8821,547,13488,3304,2035,1011.0,12,14988.0,877,233,668,209,52,9.0,0.0
KAKAMEGA,433207,335269.0,321945,235264,2223,3184,4970,312670.0,24160.0,0.0,26204.0,250047.0,103223.0,146673.0,0.0,9539.0,194940.0,9064.0,16914.0,26940.0,100958.0,16384.0,2208.0,141501.0,92380.0,0.0,36597,6663,143364,21609,33506,448.0,14057,197524.0,8854,3802,2335,3956,2110,253.0,0.0
BUTERE,36243,29189.0,27903,20417,145,210,300,27134.0,2198.0,0.0,1685.0,22659.0,9775.0,12178.0,0.0,856.0,15582.0,556.0,772.0,1890.0,10687.0,959.0,171.0,11618.0,3473.0,0.0,1880,414,13981,1627,3891,13.0,541,17197.0,515,241,85,302,141,14.0,0.0
KAKAMEGA CENTRAL,52015,25461.0,23676,17213,223,296,445,22353.0,1206.0,0.0,1331.0,16846.0,7107.0,9844.0,0.0,363.0,15276.0,744.0,1230.0,2240.0,9742.0,903.0,165.0,12646.0,4916.0,0.0,3063,606,9084,1161,2360,4.0,1087,14460.0,911,452,95,343,214,19.0,0.0
KAKAMEGA EAST,39589,31632.0,30118,23191,178,247,471,29188.0,795.0,0.0,1929.0,24310.0,7001.0,10833.0,0.0,585.0,20403.0,1154.0,1321.0,4052.0,1938.0,412.0,109.0,12502.0,7627.0,0.0,2995,905,14180,1393,1580,82.0,4126,19794.0,762,356,428,668,168,25.0,0.0
KAKAMEGA NORTH,51083,43441.0,42088,31925,322,466,679,40626.0,2158.0,0.0,3777.0,32356.0,15577.0,24349.0,0.0,1595.0,26992.0,1249.0,3657.0,5533.0,14327.0,1795.0,290.0,21564.0,26349.0,0.0,8335,1445,17670,2167,5147,91.0,309,27340.0,1556,519,713,510,309,30.0,0.0
KAKAMEGA SOUTH,26964,22218.0,21217,16176,74,144,218,20603.0,845.0,0.0,727.0,17157.0,4989.0,7751.0,0.0,459.0,13898.0,383.0,433.0,1824.0,2258.0,1075.0,86.0,8066.0,3186.0,0.0,1713,344,10506,853,1282,11.0,2930,13914.0,308,113,65,428,66,10.0,0.0
KHWISERO,27681,23443.0,22413,16873,134,157,341,21852.0,1997.0,0.0,852.0,18067.0,7481.0,10871.0,0.0,424.0,16115.0,422.0,696.0,2648.0,9433.0,1380.0,176.0,10012.0,2045.0,0.0,1252,218,11631,922,3103,50.0,606,14601.0,314,151,78,374,129,9.0,0.0
LIKUYANI,35322,24849.0,23590,15518,192,173,659,23091.0,1331.0,0.0,1557.0,16495.0,2206.0,7798.0,0.0,277.0,9907.0,974.0,1376.0,1551.0,456.0,1221.0,182.0,7921.0,1375.0,0.0,4003,491,6500,4231,1020,119.0,283,12166.0,1050,386,208,135,176,25.0,0.0
LUGARI,27862,23281.0,22598,16655,114,143,366,22152.0,1793.0,0.0,1862.0,18536.0,3918.0,10186.0,0.0,449.0,14130.0,838.0,1542.0,1938.0,2324.0,2310.0,127.0,9634.0,4813.0,0.0,3545,524,8988,2463,2527,27.0,1843,14310.0,846,310,253,242,110,14.0,0.0
MATETE,13956,11488.0,11178,7614,58,140,151,10806.0,887.0,0.0,1314.0,8790.0,2654.0,5635.0,0.0,458.0,6456.0,384.0,900.0,1003.0,2670.0,804.0,98.0,5106.0,6596.0,0.0,1666,279,4642,522,1415,7.0,205,6264.0,420,181,124,104,54,11.0,0.0
MATUNGU,36457,30321.0,29385,20844,269,257,440,28872.0,4093.0,0.0,3752.0,21894.0,11983.0,12315.0,0.0,972.0,13438.0,575.0,1081.0,743.0,12769.0,2183.0,246.0,8971.0,5348.0,0.0,1953,485,14223,1691,3358,19.0,888,16562.0,744,458,75,157,260,35.0,0.0
MUMIAS EAST,26049,21549.0,20864,15423,156,278,385,20364.0,1729.0,0.0,2211.0,14861.0,9245.0,9828.0,0.0,750.0,12950.0,553.0,871.0,792.0,9037.0,771.0,162.0,9833.0,6678.0,0.0,1944,275,10332,1226,1811,5.0,301,12778.0,377,185,58,286,148,11.0,0.0
MUMIAS WEST,27671,19375.0,18603,12604,114,177,215,18074.0,3031.0,0.0,1459.0,14036.0,7680.0,8041.0,0.0,511.0,9860.0,271.0,582.0,822.0,8081.0,1331.0,101.0,7203.0,1937.0,0.0,1236,256,7630,1742,1671,9.0,522,10486.0,483,268,40,160,110,12.0,0.0
NAVAKHOLO,32315,29022.0,28312,20811,244,496,300,27555.0,2097.0,0.0,3748.0,24040.0,13607.0,17044.0,0.0,1840.0,19933.0,961.0,2453.0,1904.0,17236.0,1240.0,295.0,16425.0,18037.0,0.0,3012,421,13997,1611,4341,11.0,416,17652.0,568,182,113,247,225,38.0,0.0
VIHIGA,143365,113753.0,108522,84158,493,625,1512,105807.0,5160.0,0.0,4222.0,89528.0,40867.0,50944.0,0.0,2243.0,84487.0,2308.0,4613.0,11438.0,14238.0,2062.0,0.0,46248.0,25329.0,0.0,12316,1151,54900,2946,14395,37.0,1324,72658.0,2399,821,338,1961,478,23.0,0.0
EMUHAYA,23804,20210.0,19319,15249,105,108,256,18949.0,1243.0,0.0,671.0,15952.0,8014.0,9938.0,0.0,345.0,15553.0,276.0,604.0,1454.0,2902.0,559.0,0.0,8444.0,3788.0,0.0,1716,182,10821,458,1946,18.0,296,13378.0,247,82,70,486,102,6.0,0.0
VIHIGA,23375,18652.0,17927,14385,87,98,244,17479.0,988.0,0.0,760.0,15281.0,7724.0,9811.0,0.0,628.0,14877.0,415.0,1035.0,1955.0,5400.0,400.0,0.0,7942.0,5077.0,0.0,1985,134,9715,350,3555,1.0,98,12687.0,411,106,34,192,83,4.0,0.0
SABATIA,31422,25789.0,24892,19441,81,134,329,24235.0,958.0,0.0,967.0,21396.0,8626.0,10280.0,0.0,562.0,19856.0,618.0,777.0,2555.0,380.0,318.0,0.0,10952.0,6417.0,0.0,4315,251,11159,735,2787,7.0,329,16937.0,686,188,86,422,78,1.0,0.0
LUANDA,26766,20058.0,18984,14155,78,132,340,18597.0,1178.0,0.0,713.0,14273.0,6315.0,7874.0,0.0,369.0,13598.0,342.0,946.0,1514.0,3421.0,431.0,0.0,8030.0,3636.0,0.0,1745,285,9114,565,2386,8.0,311,12036.0,381,201,31,425,75,3.0,0.0
HAMISI,37986,29042.0,27398,20928,142,153,343,26545.0,793.0,0.0,1111.0,22625.0,10188.0,13041.0,0.0,339.0,20603.0,657.0,1251.0,3960.0,2135.0,354.0,0.0,10880.0,6411.0,0.0,2555,299,14091,838,3721,3.0,290,17620.0,674,244,117,436,140,9.0,0.0
KAKAMEGA FOREST,12,2.0,2,0,0,0,0,2.0,0.0,0.0,0.0,1.0,0.0,0.0,0.0,0.0,0.0,0.0,0.0,0.0,0.0,0.0,0.0,0.0,0.0,0.0,0,0,0,0,0,0.0,0,0.0,0,0,0,0,0,0.0,0.0
BUNGOMA,358796,280445.0,269979,197318,1530,1944,6310,262063.0,28889.0,0.0,40882.0,222747.0,72760.0,102940.0,7644.0,20851.0,160195.0,11059.0,19364.0,17992.0,93242.0,27667.0,2975.0,96113.0,57105.0,2169.0,32344,5254,113733,25103,40859,4094.0,5377,161433.0,6497,2341,3247,2587,1408,217.0,0.0
BUMULA,44954,39540.0,38672,28094,290,240,488,38051.0,4807.0,0.0,6096.0,33223.0,16773.0,16223.0,1004.0,1814.0,19850.0,855.0,2703.0,1510.0,17551.0,3610.0,645.0,11074.0,4496.0,462.0,2940,596,17744,1592,7213,69.0,1776,23086.0,963,375,161,289,265,30.0,0.0
BUNGOMA CENTRAL,37803,31835.0,30921,23232,153,230,738,30119.0,4485.0,0.0,4099.0,27450.0,8297.0,12083.0,1241.0,4436.0,20570.0,864.0,1723.0,1065.0,17003.0,4904.0,343.0,9915.0,5455.0,242.0,4082,607,12965,2254,5047,210.0,688,19039.0,683,241,212,432,136,21.0,0.0
BUNGOMA EAST,24873,19688.0,18959,13687,74,171,442,18256.0,1493.0,0.0,1926.0,14731.0,3953.0,8274.0,595.0,1149.0,11893.0,512.0,864.0,746.0,6043.0,2087.0,184.0,7232.0,7810.0,115.0,2272,350,8331,1391,2079,3.0,305,11284.0,331,119,281,234,69,12.0,0.0
BUNGOMA NORTH,24998,20848.0,20059,14982,118,184,386,19517.0,1824.0,0.0,1777.0,15116.0,4526.0,7683.0,454.0,693.0,12888.0,606.0,825.0,615.0,2677.0,1754.0,130.0,6828.0,6078.0,94.0,3128,454,8399,3072,1615,9.0,186,12663.0,610,216,310,191,111,11.0,0.0
BUNGOMASOUTH,69151,41443.0,39568,27199,266,285,812,38314.0,4726.0,0.0,6361.0,31823.0,12916.0,17632.0,1084.0,2372.0,22809.0,1227.0,3173.0,2177.0,17721.0,3707.0,499.0,15569.0,12199.0,403.0,5165,707,14109,1722,6598,120.0,671,22116.0,977,360,251,374,248,34.0,0.0
CHEPTAIS,26326,22457.0,21804,15645,139,120,1155,20639.0,975.0,0.0,7171.0,17980.0,2356.0,3228.0,547.0,952.0,10749.0,3274.0,3462.0,6569.0,1909.0,485.0,113.0,8831.0,697.0,135.0,2431,578,9257,3266,3141,2191.0,453,12333.0,508,145,579,68,116,47.0,0.0
KIMILILI,35263,25205.0,24062,16303,131,176,767,23336.0,2139.0,0.0,2304.0,19458.0,5118.0,8562.0,547.0,1769.0,15762.0,874.0,932.0,786.0,6938.0,2002.0,267.0,7785.0,3861.0,187.0,3546,612,8484,2335,2334,54.0,210,12652.0,569,207,150,234,126,15.0,0.0
MT. ELGON,15276,12376.0,11738,9328,49,56,392,11157.0,725.0,0.0,4516.0,8908.0,915.0,1661.0,215.0,107.0,5738.0,1132.0,428.0,1638.0,281.0,1384.0,60.0,3901.0,543.0,47.0,1504,192,6524,2817,1746,970.0,53,7231.0,217,50,408,71,46,4.0,0.0
BUNGOMA WEST,25172,22145.0,21615,16244,102,97,320,21201.0,2853.0,0.0,2344.0,19429.0,6575.0,7261.0,461.0,3689.0,13195.0,585.0,2824.0,831.0,9058.0,2162.0,338.0,7965.0,1001.0,236.0,1656,297,9483,1179,6046,176.0,336,13724.0,467,96,141,159,93,18.0,0.0
TONGAREN,21343,17578.0,16842,12415,88,131,299,16498.0,1351.0,0.0,1450.0,13273.0,2848.0,6384.0,577.0,289.0,9655.0,554.0,849.0,667.0,993.0,1605.0,156.0,5946.0,1805.0,91.0,2453,354,6142,3359,928,21.0,135,10576.0,539,223,236,116,84,12.0,0.0
WEBUYE WEST,32839,26624.0,25732,19484,120,249,511,24971.0,3511.0,0.0,2836.0,21356.0,8483.0,13949.0,919.0,3581.0,17086.0,576.0,1581.0,1388.0,13068.0,3967.0,240.0,11067.0,13160.0,157.0,3166,507,11677,1583,3781,8.0,564,16214.0,632,309,172,418,114,13.0,0.0
MT. ELGON FOREST,798,706.0,7,705,0,5,0,4.0,0.0,0.0,2.0,0.0,0.0,0.0,0.0,0.0,0.0,0.0,0.0,0.0,0.0,0.0,0.0,0.0,0.0,0.0,1,0,618,533,331,263.0,0,515.0,1,0,346,1,0,0.0,0.0
BUSIA,198152,148257.0,140668,105208,547,6139,2888,135790.0,53701.0,2206.0,11163.0,99743.0,71591.0,61973.0,0.0,7815.0,51930.0,2572.0,7945.0,3335.0,49979.0,25825.0,1638.0,29615.0,13949.0,2109.0,5059,1928,62969,7555,28082,145.0,29180,88203.0,2895,1331,629,1313,506,57.0,0.0
BUNYALA,19039,12676.0,10930,8488,65,4238,1072,9683.0,7636.0,969.0,856.0,7818.0,2320.0,4834.0,0.0,632.0,1716.0,262.0,1075.0,278.0,1133.0,1148.0,139.0,2081.0,542.0,67.0,211,106,4432,480,3242,6.0,2404,6623.0,195,146,16,38,57,9.0,0.0
BUSIA,33160,19412.0,18083,13445,80,122,357,17526.0,7008.0,131.0,1595.0,12303.0,7957.0,7931.0,0.0,768.0,6163.0,323.0,612.0,669.0,5096.0,2696.0,144.0,4271.0,1623.0,135.0,930,307,7780,1160,2714,17.0,4663,10949.0,511,330,54,201,65,8.0,0.0
BUTULA,32213,26650.0,25677,18428,72,163,332,25235.0,12232.0,189.0,2246.0,18400.0,13465.0,12450.0,0.0,941.0,10573.0,423.0,776.0,599.0,13314.0,6077.0,177.0,5932.0,1850.0,143.0,910,321,12105,1541,2938,10.0,3121,15530.0,454,180,47,234,67,9.0,0.0
NAMBALE,23892,19743.0,19023,14208,82,111,222,18550.0,3728.0,190.0,2030.0,13547.0,9373.0,8284.0,0.0,964.0,8297.0,389.0,1027.0,450.0,7043.0,2707.0,249.0,4405.0,4580.0,199.0,1010,293,9907,1191,2505,34.0,3028,11880.0,624,212,63,160,81,9.0,0.0
SAMIA,23884,19701.0,18636,13616,86,1274,305,18000.0,12364.0,95.0,935.0,15426.0,11002.0,10734.0,0.0,1116.0,4160.0,319.0,979.0,494.0,6163.0,2375.0,168.0,3378.0,717.0,416.0,365,111,7733,1195,4595,4.0,5103,11395.0,152,76,131,227,83,6.0,0.0
TESO NORTH,29395,23180.0,22404,17557,79,103,300,21835.0,4052.0,126.0,1499.0,17479.0,11893.0,10092.0,0.0,1763.0,10942.0,509.0,1891.0,380.0,9374.0,4782.0,320.0,5081.0,981.0,721.0,731,313,9919,885,6294,58.0,3358,15460.0,356,126,195,172,77,6.0,0.0
TESO SOUTH,36569,26895.0,25915,19466,83,128,300,24961.0,6681.0,506.0,2002.0,14770.0,15581.0,7648.0,0.0,1631.0,10079.0,347.0,1585.0,465.0,7856.0,6040.0,441.0,4467.0,3656.0,428.0,902,477,11093,1103,5794,16.0,7503,16366.0,603,261,123,281,76,10.0,0.0
SIAYA,250698,194362.0,184964,129156,828,12741,4389,181114.0,99872.0,1310.0,9298.0,132295.0,59310.0,67040.0,15925.0,60751.0,2906.0,10464.0,10099.0,47293.0,18069.0,1794.0,49344.0,8326.0,3125.0,0.0,3956,1467,85837,35629,43129,3222.0,5145,111991.0,2186,1173,441,1208,564,311.0,0.0
SIAYA,57553,44532.0,42203,29987,133,685,1134,41256.0,24591.0,602.0,2188.0,32778.0,15539.0,18212.0,2070.0,11557.0,684.0,2538.0,2182.0,8777.0,3442.0,406.0,11285.0,1704.0,235.0,0.0,1056,415,19842,8016,8579,193.0,1535,25938.0,485,273,115,229,118,25.0,0.0
GEM,44884,38224.0,36970,25866,146,288,517,36527.0,13982.0,151.0,1719.0,29190.0,14553.0,16761.0,979.0,23395.0,684.0,1755.0,3649.0,10747.0,2474.0,264.0,15097.0,3212.0,186.0,0.0,983,259,17369,7412,6967,389.0,1146,22512.0,364,170,67,362,137,19.0,0.0
UGENYA,33565,27847.0,26882,17066,56,178,347,26465.0,16657.0,216.0,2080.0,22578.0,11484.0,12939.0,957.0,10350.0,505.0,841.0,1173.0,9013.0,3989.0,198.0,6350.0,1218.0,119.0,0.0,435,253,11114,4097,4408,19.0,1325,14554.0,434,246,44,243,51,6.0,0.0
UGUNJA,26328,21054.0,20236,14193,62,167,305,19948.0,9736.0,92.0,1093.0,16029.0,7382.0,9404.0,742.0,8398.0,400.0,632.0,1302.0,5713.0,2376.0,144.0,7122.0,1101.0,112.0,0.0,450,83,9757,3646,2700,19.0,543,12462.0,231,76,25,204,58,7.0,0.0
BONDO,51362,32920.0,30285,22176,321,7604,1042,29263.0,16351.0,141.0,1081.0,15715.0,4506.0,4698.0,3346.0,3437.0,433.0,2444.0,1068.0,2748.0,3296.0,462.0,5371.0,545.0,218.0,0.0,600,239,14597,5720,11645,1154.0,419,19152.0,372,235,105,96,130,220.0,0.0
RARIEDA,37006,29785.0,28388,19868,110,3819,1044,27655.0,18555.0,108.0,1137.0,16005.0,5846.0,5026.0,7831.0,3614.0,200.0,2254.0,725.0,10295.0,2492.0,320.0,4119.0,546.0,2255.0,0.0,432,218,13158,6738,8830,1448.0,177,17373.0,300,173,85,74,70,34.0,0.0
KISUMU,300745,147117.0,133391,99284,783,6084,9692,126050.0,66687.0,10259.0,8789.0,62434.0,37426.0,30515.0,22727.0,38295.0,2447.0,13653.0,9675.0,24973.0,14492.0,2037.0,34752.0,17204.0,2174.0,0.0,4642,1632,60438,34871,34414,1912.0,537,81039.0,2634,1109,375,1082,698,138.0,0.0
KISUMU EAST,61871,16348.0,13516,10354,119,235,875,12302.0,5174.0,695.0,696.0,5060.0,3666.0,3322.0,1334.0,3736.0,252.0,1245.0,877.0,911.0,1432.0,264.0,3698.0,1329.0,161.0,0.0,511,234,5291,2800,3018,58.0,78,7993.0,362,191,33,122,107,22.0,0.0
KISUMU CENTRAL,52331,4157.0,2541,2769,47,289,451,1925.0,602.0,195.0,207.0,1015.0,487.0,451.0,219.0,602.0,115.0,440.0,329.0,352.0,346.0,104.0,1009.0,414.0,39.0,0.0,186,94,799,456,707,21.0,50,2010.0,200,147,12,41,37,15.0,0.0
KISUMU WEST,45933,23207.0,21018,15276,99,1009,538,20287.0,7307.0,141.0,1159.0,12046.0,8682.0,7559.0,1453.0,9943.0,284.0,1572.0,1408.0,4735.0,1759.0,203.0,6149.0,1126.0,98.0,0.0,730,223,9454,2950,4489,32.0,105,12800.0,269,103,22,228,85,16.0,0.0
SEME,29404,24014.0,22896,16524,91,1634,459,22284.0,13750.0,151.0,1587.0,11737.0,9807.0,7040.0,5537.0,7100.0,398.0,1999.0,1193.0,9169.0,3654.0,261.0,5457.0,611.0,140.0,0.0,700,180,11477,4784,6039,414.0,156,14415.0,434,135,65,159,84,21.0,0.0
MUHORONI,37193,26368.0,25070,16932,141,384,2284,24021.0,11280.0,3156.0,2645.0,14115.0,6489.0,5931.0,2993.0,6933.0,632.0,2853.0,2456.0,1360.0,2369.0,315.0,7053.0,10460.0,345.0,0.0,791,230,10531,6764,5439,460.0,74,13645.0,395,120,89,223,131,14.0,0.0
NYANDO,38460,26570.0,24012,18947,162,1613,4150,22381.0,15745.0,5410.0,884.0,7938.0,2427.0,1868.0,6985.0,2404.0,366.0,2628.0,986.0,1016.0,2404.0,550.0,4888.0,1690.0,1164.0,0.0,663,263,12382,9027,6878,487.0,42,15105.0,297,124,66,131,142,28.0,0.0
NYAKACH,35553,26453.0,24338,18482,124,920,935,22850.0,12829.0,511.0,1611.0,10523.0,5868.0,4344.0,4206.0,7577.0,400.0,2916.0,2426.0,7430.0,2528.0,340.0,6498.0,1574.0,227.0,0.0,1061,408,10504,8090,7844,440.0,32,15071.0,677,289,88,178,112,22.0,0.0
HOMA BAY,262036,193812.0,184367,127914,1056,17770,5214,179727.0,68877.0,1977.0,21889.0,111932.0,58238.0,47972.0,16258.0,56152.0,3462.0,15109.0,23022.0,61360.0,18769.0,2532.0,53518.0,25278.0,3263.0,0.0,5830,2512,87253,36093,43402,8416.0,1973,106788.0,3457,1780,608,762,939,174.0,0.0
HOMA BAY,29318,16401.0,15287,10763,68,499,712,14776.0,5642.0,99.0,1725.0,9772.0,4272.0,3300.0,1466.0,3994.0,325.0,1741.0,2416.0,5257.0,1614.0,315.0,5302.0,2270.0,222.0,0.0,551,186,7288,3442,2833,596.0,31,8727.0,294,94,26,66,53,16.0,0.0
NDHIWA,48062,40976.0,40095,26414,217,439,559,39664.0,8752.0,337.0,7601.0,30245.0,14918.0,11860.0,3376.0,14761.0,869.0,2731.0,4692.0,16062.0,2732.0,403.0,14267.0,17233.0,328.0,0.0,1131,563,19548,6628,5856,862.0,1763,22526.0,552,242,60,138,201,36.0,0.0
RACHUONYO NORTH,41809,32414.0,30579,22122,153,3824,1325,29483.0,16472.0,154.0,1673.0,14962.0,7063.0,4294.0,5872.0,4168.0,350.0,2742.0,1340.0,13057.0,4247.0,452.0,5679.0,765.0,1494.0,0.0,609,278,15057,7564,10279,1556.0,23,18564.0,472,300,88,59,134,22.0,0.0
RACHUONYO EAST,27319,23388.0,22723,16064,120,186,247,22300.0,7449.0,91.0,2606.0,14948.0,8576.0,10275.0,840.0,13021.0,412.0,1456.0,3721.0,6550.0,1681.0,161.0,8042.0,1419.0,125.0,0.0,1161,303,11294,5233,4893,402.0,24,13734.0,475,355,152,209,117,6.0,0.0
RACHUONYO SOUTH,30990,23419.0,22592,15379,124,149,336,22164.0,6122.0,140.0,2608.0,14084.0,7991.0,7969.0,710.0,9752.0,355.0,1281.0,3930.0,8186.0,2352.0,224.0,7198.0,968.0,152.0,0.0,813,413,10889,4415,3523,342.0,25,13298.0,495,233,100,148,113,18.0,0.0
RANGWE,27003,22145.0,21456,14437,112,461,763,21005.0,7651.0,956.0,3273.0,12531.0,9251.0,6651.0,1420.0,5824.0,576.0,1863.0,4123.0,8898.0,2167.0,277.0,7448.0,1634.0,494.0,0.0,1030,536,9759,4852,4019,465.0,28,11676.0,753,348,43,66,105,16.0,0.0
SUBA NORTH,29766,17645.0,15729,11588,137,7173,865,14975.0,8722.0,81.0,782.0,7190.0,1731.0,1346.0,1399.0,2006.0,198.0,1726.0,1044.0,1431.0,1711.0,398.0,2914.0,424.0,333.0,0.0,283,101,6829,2290,6336,1876.0,40,9316.0,247,98,45,38,105,35.0,0.0
SUBA SOUTH,27769,17424.0,15906,11147,125,5039,407,15360.0,8067.0,119.0,1621.0,8200.0,4436.0,2277.0,1175.0,2626.0,377.0,1569.0,1756.0,1919.0,2265.0,302.0,2668.0,565.0,115.0,0.0,252,132,6589,1669,5663,2317.0,39,8947.0,169,110,94,38,111,25.0,0.0
MIGORI,240168,169958.0,160703,112935,915,6807,2995,156039.0,28039.0,0.0,24080.0,98634.0,62251.0,61576.0,5511.0,56025.0,4584.0,13375.0,21117.0,36245.0,16599.0,2541.0,54924.0,35791.0,0.0,0.0,7284,2712,80615,19304,36599,3192.0,855,93981.0,2942,1515,1512,822,848,116.0,0.0
AWENDO,27033,20101.0,19364,11848,108,176,233,18804.0,1635.0,0.0,2896.0,10379.0,6215.0,4837.0,654.0,9126.0,237.0,849.0,2975.0,5604.0,525.0,146.0,7076.0,10948.0,0.0,0.0,794,325,7703,2511,2369,25.0,247,9900.0,304,125,37,135,106,6.0,0.0
KURIA EAST,17363,14610.0,14100,10685,120,84,238,13830.0,4301.0,0.0,3013.0,11393.0,5016.0,8034.0,587.0,8068.0,1063.0,2150.0,3328.0,3312.0,4837.0,388.0,7583.0,1251.0,0.0,0.0,998,512,8248,2128,4536,176.0,8,8847.0,394,268,388,51,112,26.0,0.0
KURIA WEST,39781,28212.0,27060,19541,192,208,337,26535.0,5863.0,0.0,3580.0,19450.0,9870.0,16302.0,772.0,8328.0,1414.0,2969.0,4872.0,5988.0,4163.0,477.0,11080.0,1539.0,0.0,0.0,1658,406,14962,1716,6243,55.0,15,16530.0,487,251,866,158,178,25.0,0.0
NYATIKE,40257,26354.0,22692,19465,116,5723,1203,21396.0,7950.0,0.0,3345.0,10193.0,8735.0,6103.0,1056.0,1351.0,297.0,2510.0,691.0,2705.0,3151.0,763.0,3180.0,835.0,0.0,0.0,533,253,13922,3358,9420,2007.0,70,15920.0,349,199,39,62,89,28.0,0.0
RONGO,29087,19910.0,19175,12145,111,160,206,18699.0,1415.0,0.0,2691.0,9499.0,5982.0,5519.0,400.0,10016.0,423.0,919.0,2977.0,4629.0,651.0,153.0,7134.0,8328.0,0.0,0.0,1377,408,8208,2486,2188,19.0,119,10023.0,504,204,34,132,107,13.0,0.0
SUNA EAST,27302,18705.0,17871,12410,78,134,203,17353.0,1537.0,0.0,1937.0,12196.0,6177.0,5950.0,692.0,7795.0,349.0,1009.0,2153.0,4854.0,619.0,144.0,6411.0,3174.0,0.0,0.0,559,144,8598,2209,3703,216.0,19,10761.0,210,140,62,82,71,5.0,0.0
SUNA WEST,29251,17050.0,16192,10316,66,151,238,15736.0,2908.0,0.0,3183.0,9081.0,9022.0,5760.0,459.0,2270.0,308.0,1284.0,939.0,2302.0,1649.0,194.0,3974.0,579.0,0.0,0.0,540,323,6977,2137,3214,160.0,23,7773.0,403,216,45,36,64,5.0,0.0
URIRI,30094,25016.0,24249,16525,124,171,337,23686.0,2430.0,0.0,3435.0,16443.0,11234.0,9071.0,891.0,9071.0,493.0,1685.0,3182.0,6851.0,1004.0,276.0,8486.0,9137.0,0.0,0.0,825,341,11997,2759,4926,534.0,354,14227.0,291,112,41,166,121,8.0,0.0
KISII,308054,219853.0,207400,148742,810,1069,2972,194138.0,31358.0,0.0,12622.0,141895.0,18851.0,24900.0,4062.0,147402.0,7271.0,8830.0,44787.0,14773.0,41160.0,0.0,129308.0,29793.0,0.0,0.0,28865,3065,87010,4425,24514,1095.0,85,114896.0,11297,3856,666,1328,768,112.0,0.0
ETAGO,18610,15099.0,14505,9980,65,78,155,13639.0,2610.0,0.0,1430.0,10198.0,2505.0,2205.0,332.0,8568.0,398.0,746.0,3010.0,2328.0,2774.0,0.0,7313.0,6911.0,0.0,0.0,1457,198,6240,169,1420,102.0,5,7721.0,527,162,35,86,63,13.0,0.0
GUCHA,19657,15067.0,14317,10023,51,103,143,13349.0,1927.0,0.0,750.0,9267.0,1388.0,1971.0,343.0,9946.0,350.0,404.0,2085.0,1300.0,2233.0,0.0,9132.0,1979.0,0.0,0.0,1991,231,5796,274,1048,32.0,5,7666.0,1001,283,35,75,48,6.0,0.0
GUCHASOUTH,19732,15386.0,14658,10301,88,59,189,14291.0,3434.0,0.0,886.0,10459.0,1901.0,2173.0,600.0,9081.0,342.0,713.0,2745.0,3355.0,4223.0,0.0,9000.0,3355.0,0.0,0.0,1610,324,6307,229,1526,11.0,3,8357.0,885,446,46,78,85,21.0,0.0
KENYENYA,30989,23613.0,22334,15551,87,95,209,20895.0,2432.0,0.0,1762.0,15730.0,1592.0,3466.0,257.0,16501.0,868.0,709.0,3328.0,488.0,2815.0,0.0,13128.0,2646.0,0.0,0.0,4003,347,8600,581,1753,153.0,3,11290.0,1357,551,53,95,81,11.0,0.0
KISII CENTRAL,44311,24658.0,22477,17143,110,148,330,19737.0,1647.0,0.0,863.0,13871.0,1543.0,2264.0,250.0,16889.0,856.0,913.0,5322.0,237.0,2300.0,0.0,15368.0,3695.0,0.0,0.0,3486,223,9471,532,2630,23.0,11,13486.0,1145,344,81,190,103,11.0,0.0
KISII SOUTH,31696,22532.0,21174,14010,71,159,413,19966.0,2768.0,0.0,917.0,13488.0,2614.0,1875.0,397.0,16249.0,431.0,600.0,4684.0,2929.0,2662.0,0.0,11945.0,4139.0,0.0,0.0,2620,350,7918,221,2344,10.0,15,10751.0,924,234,50,166,63,10.0,0.0
KITUTU CENTRAL,41271,20197.0,18387,12935,70,79,277,16904.0,2017.0,0.0,644.0,10689.0,1865.0,1987.0,495.0,12077.0,457.0,814.0,3959.0,1377.0,2922.0,0.0,10197.0,1618.0,0.0,0.0,1935,206,6906,406,2697,33.0,17,10148.0,802,310,61,179,68,8.0,0.0
MARANI,26186,21857.0,20937,15460,82,102,203,20035.0,7851.0,0.0,622.0,16119.0,2007.0,1536.0,330.0,15128.0,599.0,1250.0,6551.0,2129.0,7854.0,0.0,14200.0,2218.0,0.0,0.0,2058,223,10090,525,3681,67.0,3,12111.0,742,262,119,116,79,5.0,0.0
MASABA SOUTH,29232,23932.0,22694,18011,31,82,341,21336.0,2890.0,0.0,2527.0,18773.0,1063.0,2952.0,598.0,16946.0,1632.0,1344.0,6354.0,110.0,6510.0,0.0,16125.0,1259.0,0.0,0.0,3375,332,11522,791,3670,543.0,5,14462.0,1707,477,70,151,29,3.0,0.0
NYAMACHE,30712,24952.0,23930,16774,93,103,582,22570.0,2258.0,0.0,1614.0,15565.0,1202.0,2874.0,203.0,17153.0,1014.0,848.0,4337.0,136.0,4559.0,0.0,15026.0,1115.0,0.0,0.0,4571,444,9258,435,2550,77.0,9,12297.0,1651,583,77,102,88,21.0,0.0
SAMETA,15658,12560.0,11987,8554,62,61,130,11416.0,1524.0,0.0,607.0,7736.0,1171.0,1597.0,257.0,8864.0,324.0,489.0,2412.0,384.0,2308.0,0.0,7874.0,858.0,0.0,0.0,1759,187,4902,262,1195,44.0,9,6607.0,556,204,39,90,61,3.0,0.0
NYAMIRA,150669,110028.0,102856,78946,461,509,1275,89330.0,10634.0,7009.0,73139.0,6117.0,13058.0,6094.0,1367.0,73928.0,6758.0,6525.0,27871.0,2934.0,24192.0,71185.0,11480.0,803.0,0.0,0.0,17463,1589,44501,3895,15487,449.0,27,59702.0,5932,1923,762,760,440,64.0,0.0
BORABU,19468,10890.0,9747,8312,88,75,152,8241.0,1209.0,1966.0,7949.0,525.0,2263.0,568.0,173.0,6641.0,1598.0,1156.0,3121.0,142.0,2587.0,7244.0,1470.0,102.0,0.0,0.0,2992,241,3983,1028,1947,119.0,11,6433.0,942,283,169,97,84,20.0,0.0
MANGA,23869,18096.0,16868,13024,78,92,269,14971.0,1566.0,767.0,11840.0,1319.0,1929.0,1040.0,204.0,13727.0,909.0,911.0,5775.0,99.0,4301.0,13268.0,2407.0,129.0,0.0,0.0,2638,285,7329,486,2207,32.0,2,10046.0,1011,321,156,177,77,5.0,0.0
MASABANORTH,27913,20678.0,19241,15031,82,93,238,17087.0,1921.0,1715.0,14621.0,972.0,2537.0,1200.0,304.0,14128.0,1207.0,1043.0,5775.0,137.0,4889.0,13799.0,1807.0,186.0,0.0,0.0,2685,219,9328,666,2461,50.0,4,11684.0,867,259,117,130,76,9.0,0.0
NYAMIRA NORTH,40446,31900.0,30306,22157,87,131,300,26777.0,2931.0,1510.0,21226.0,2210.0,4019.0,1326.0,320.0,20950.0,1616.0,1755.0,5446.0,1387.0,5678.0,18212.0,2669.0,172.0,0.0,0.0,4463,503,12624,907,5270,166.0,7,16364.0,1980,635,153,190,82,11.0,0.0
NYAMIRA SOUTH,38973,28464.0,26694,20422,126,118,316,22254.0,3007.0,1051.0,17503.0,1091.0,2310.0,1960.0,366.0,18482.0,1428.0,1660.0,7754.0,1169.0,6737.0,18662.0,3127.0,214.0,0.0,0.0,4685,341,11237,808,3602,82.0,3,15175.0,1132,425,167,166,121,19.0,0.0
NAIROBI,1506888,32258.0,16359,22818,279,697,3343,9867.0,0.0,0.0,7610.0,0.0,0.0,0.0,0.0,0.0,0.0,0.0,0.0,0.0,0.0,9573.0,0.0,0.0,0.0,0.0,2286,595,1242,1754,3863,286.0,1586,16471.0,3432,1813,154,1253,208,57.0,0.0
DAGORETTI,155089,5691.0,3298,3818,29,81,577,2319.0,0.0,0.0,2029.0,0.0,0.0,0.0,0.0,0.0,0.0,0.0,0.0,0.0,0.0,2057.0,0.0,0.0,0.0,0.0,577,116,160,340,548,15.0,548,2567.0,576,281,23,234,23,7.0,0.0
EMBAKASI,347955,3224.0,1361,2344,36,122,315,699.0,0.0,0.0,526.0,0.0,0.0,0.0,0.0,0.0,0.0,0.0,0.0,0.0,0.0,704.0,0.0,0.0,0.0,0.0,210,79,187,144,389,44.0,188,1593.0,405,202,11,137,22,10.0,0.0
KAMUKUNJI,84365,459.0,208,313,10,27,56,95.0,0.0,0.0,63.0,0.0,0.0,0.0,0.0,0.0,0.0,0.0,0.0,0.0,0.0,99.0,0.0,0.0,0.0,0.0,14,10,13,23,32,3.0,5,217.0,55,32,1,13,8,2.0,0.0
KASARANI,271290,6136.0,3349,4044,53,125,707,1904.0,0.0,0.0,1283.0,0.0,0.0,0.0,0.0,0.0,0.0,0.0,0.0,0.0,0.0,1934.0,0.0,0.0,0.0,0.0,423,112,156,226,636,27.0,286,2853.0,611,314,16,232,42,11.0,0.0
KIBRA,61690,737.0,334,522,9,41,71,187.0,0.0,0.0,152.0,0.0,0.0,0.0,0.0,0.0,0.0,0.0,0.0,0.0,0.0,201.0,0.0,0.0,0.0,0.0,44,12,45,35,71,7.0,7,364.0,74,72,5,34,5,1.0,0.0
LANG'ATA,62239,1712.0,1099,1012,35,50,258,533.0,0.0,0.0,414.0,0.0,0.0,0.0,0.0,0.0,0.0,0.0,0.0,0.0,0.0,734.0,0.0,0.0,0.0,0.0,135,38,134,158,180,18.0,37,675.0,141,58,40,52,29,7.0,0.0
MAKADARA,70361,639.0,199,503,4,14,45,106.0,0.0,0.0,77.0,0.0,0.0,0.0,0.0,0.0,0.0,0.0,0.0,0.0,0.0,92.0,0.0,0.0,0.0,0.0,32,11,15,18,64,5.0,51,371.0,106,63,4,34,2,1.0,0.0
MATHARE,74967,735.0,298,560,6,28,62,178.0,0.0,0.0,142.0,0.0,0.0,0.0,0.0,0.0,0.0,0.0,0.0,0.0,0.0,147.0,0.0,0.0,0.0,0.0,42,24,46,47,107,15.0,42,381.0,120,69,12,33,4,2.0,0.0
NJIRU,204563,10642.0,4642,8484,46,117,886,2950.0,0.0,0.0,2180.0,0.0,0.0,0.0,0.0,0.0,0.0,0.0,0.0,0.0,0.0,2715.0,0.0,0.0,0.0,0.0,644,138,401,647,1643,141.0,364,6636.0,1125,607,20,418,39,5.0,0.0
STAREHE,69389,483.0,279,316,14,22,63,158.0,0.0,0.0,124.0,0.0,0.0,0.0,0.0,0.0,0.0,0.0,0.0,0.0,0.0,113.0,0.0,0.0,0.0,0.0,40,23,35,21,51,7.0,10,230.0,57,34,9,19,7,2.0,0.0
WESTLANDS,104980,1800.0,1292,902,37,70,303,738.0,0.0,0.0,620.0,0.0,0.0,0.0,0.0,0.0,0.0,0.0,0.0,0.0,0.0,777.0,0.0,0.0,0.0,0.0,125,32,50,95,142,4.0,48,584.0,162,81,13,47,27,9.0,0.0
