County/Sub County,Total,Farming,Crop Production,Livestock Production,Aquaculture,Fishing,Irrigation,Maize,Sorghum,Rice,Potatoes,Beans,Cassava,Sweet Potatoes,Wheat,Green grams,Bananas,Cabbages,Tomatoes,Onions,Ground Nuts,Millet,Watermelons,Kales,Sugarcane,Cotton,Exotic cattle 0Dairy,Exotic cattle 0Beef,Indigenous cattle,Sheep,Goats,Camels,Donkeys,Pigs,Indigenous Chicken,Exotic Chicken Layers,Exotic Chicken Broilers,Beehives,Rabbits,Fish Ponds,Fish Cages
KENYA,12143913,6354211,5555974,4729288,29325,109640,369679,5104967,904945,50484,1170170,3600840,1050352,1134102,67720,571426,2139421,490588,410224,707182,480812,540353,84077,1916898,654468,22920,939916,167625,2260439,1299893,1898887,167666,500682,110383,3337700,194517,79461,201406,124122,22019,3361
MOMBASA,378422,12497,7218,8749,128,1409,958,5681,,,,,2849,,,,2232,,,,,,,,,,412,191,1024,313,3029,6,36,134,6142,743,998,68,186,83,24
CHANGAMWE,46614,618,230,476,6,62,36,108,,,,,39,,,,65,,,,,,,,,,16,10,20,10,95,0,1,7,350,53,78,1,14,6,0
JOMVU,53472,2418,1168,1810,12,132,209,895,,,,,360,,,,332,,,,,,,,,,60,23,190,45,568,0,11,37,1296,157,199,6,30,8,3
KISAUNI,88202,6257,4043,4269,67,492,402,3456,,,,,1702,,,,1137,,,,,,,,,,202,82,632,161,1614,4,8,76,3016,280,411,41,79,37,11
LIKONI,81191,1863,1136,1282,21,439,143,863,,,,,578,,,,485,,,,,,,,,,73,51,127,63,566,0,5,7,870,124,140,11,33,16,7
MVITA,38995,309,145,209,9,172,32,81,,,,,39,,,,54,,,,,,,,,,16,8,9,9,36,1,4,3,121,33,35,2,5,7,2
NYALI,69948,1032,496,703,13,112,136,278,,,,,131,,,,159,,,,,,,,,,45,17,46,25,150,1,7,4,489,96,135,7,25,9,1
KWALE,173176,108074,100020,72666,220,4452,2438,93143,2784,8585,1038,8619,46004,10388,,20536,28831,,10008,1124,5636,1290,3794,10775,5089,,1453,804,33888,10587,45129,62,507,48,56196,962,836,573,179,201,57
KINANGO,16043,13855,13032,10293,7,39,165,12556,552,60,87,1567,4580,1841,,3132,1841,,1219,163,667,132,429,1746,322,,151,119,5722,2810,7431,5,214,1,7921,134,62,122,7,7,0
LUNGALUNGA,37366,29299,27513,19583,94,1879,744,25717,454,5499,340,1899,11279,2093,,5508,8424,,3013,332,717,327,881,3375,1143,,490,192,10935,3322,12114,15,134,29,14607,288,186,150,46,89,45
MATUGA,39231,24689,22882,16311,33,478,505,21369,342,1143,233,2233,15401,2846,,2180,10026,,2787,214,680,168,577,3250,1891,,307,145,6394,987,9750,10,84,3,13292,167,156,175,44,30,3
MSAMBWENI,45466,14959,12906,9143,51,1254,590,10731,202,1811,226,1073,8583,1623,,2064,5864,,1951,233,309,155,568,1337,1131,,257,184,3432,368,3905,7,24,8,7129,264,320,53,63,50,6
SAMBURU,35070,25272,23687,17336,35,802,434,22770,1234,72,152,1847,6161,1985,,7652,2676,,1038,182,3263,508,1339,1067,602,,248,164,7405,3100,11929,25,51,7,13247,109,112,73,19,25,3
KILIFI,298472,161188,149334,101983,366,6393,5643,143913,2911,2847,,10319,58225,9899,,30359,26712,,8854,,2570,1522,4649,6982,6383,,4905,1480,33420,6746,67419,81,1234,366,72134,1484,1807,611,524,333,50
CHONYI,11421,10025,9838,5153,14,30,68,9703,35,131,,2196,6204,461,,3756,3146,,276,,413,41,39,199,233,,148,48,798,18,2585,3,1,22,4051,21,10,1,15,14,0
GANZE,23258,20578,19306,15777,41,158,442,18418,1273,81,,899,7781,905,,5055,2651,,952,,161,487,1638,951,379,,321,112,7307,2220,11917,26,59,3,12160,199,54,98,42,38,5
KALOLENI,36355,22504,21295,14519,34,54,254,20458,199,1343,,2051,8810,2078,,2812,4047,,1237,,162,109,685,1448,798,,514,166,5538,1357,9342,4,177,80,10405,270,224,114,48,31,5
KAUMA,3479,2867,2738,1939,10,60,54,2621,41,8,,177,748,141,,387,406,,157,,17,7,66,135,108,,37,29,812,60,1499,2,2,3,1342,30,19,3,6,9,2
KILIFI NORTH,39512,18690,17085,12011,30,1021,386,16616,160,79,,593,6199,689,,3212,2029,,1029,,430,138,296,643,628,,1423,259,2960,287,7854,12,28,37,8584,194,362,39,85,29,5
KILIFI SOUTH,53074,15114,13485,8570,72,878,466,12930,126,469,,1041,5838,688,,3373,3440,,870,,376,89,282,544,733,,558,157,1792,177,4938,4,31,60,6215,183,342,38,86,67,8
MAGARINI,33017,25989,24929,15959,75,1884,856,24193,614,245,,1326,5027,722,,5405,1730,,1240,,304,289,593,1072,771,,432,227,6065,767,11620,12,628,10,10013,145,189,160,54,59,14
MALINDI,73547,31072,27424,19363,63,2176,2942,26224,388,184,,1031,10146,1598,,5038,4684,,2502,,605,318,916,1429,1635,,1206,361,5984,1531,13394,13,299,24,12351,315,494,120,140,61,7
RABAI,24809,14349,13234,8692,27,132,175,12750,75,307,,1005,7472,2617,,1321,4579,,591,,102,44,134,561,1098,,266,121,2164,329,4270,5,9,127,7013,127,113,38,48,25,4
TANA RIVER,68242,35094,16723,27046,212,2136,4528,13141,472,1255,,2373,1989,991,,5627,4647,,2521,723,585,,2406,1815,1690,384,1302,283,12012,16725,21545,3333,5329,2,10187,1019,616,1066,38,176,48
TANA DELTA,22791,15128,8697,11305,116,1475,1089,6997,344,766,,1612,1463,518,,3320,1882,,1196,235,428,,1541,682,1008,192,456,116,5662,6412,8142,160,1395,0,5693,437,297,464,22,91,29
TANA NORTH,26886,9397,2803,8021,57,148,1297,2162,92,202,,227,103,119,,525,690,,382,229,44,,468,268,184,161,399,50,2052,5423,7017,2392,2714,1,1718,300,130,424,9,51,15
TANA RIVER,18565,10569,5223,7720,39,513,2142,3982,36,287,,534,423,354,,1782,2075,,943,259,113,,397,865,498,31,447,117,4298,4890,6386,781,1220,1,2776,282,189,178,7,34,4
LAMU,37963,18678,15196,13448,65,3162,1083,13698,818,,,546,4611,996,,5854,4479,,1497,176,2651,585,1637,1184,2201,1574,508,159,3838,1932,8343,17,795,33,10362,385,253,302,62,54,15
LAMU EAST,5090,1831,1279,1202,4,1729,41,1096,68,,,173,480,37,,248,156,,242,17,84,38,365,95,12,10,90,33,363,57,386,0,425,0,670,65,25,18,2,4,1
LAMU WEST,32873,16847,13917,12246,61,1433,1042,12602,750,,,373,4131,959,,5606,4323,,1255,159,2567,547,1272,1089,2189,1564,418,126,3475,1875,7957,17,370,33,9692,320,228,284,60,50,14
TAITA/TAVETA,96429,56920,48382,43462,275,670,10225,44378,3651,488,4906,31229,17159,9080,,14573,17629,2838,6428,2340,2033,1935,2155,11557,7687,,7893,1088,16591,7190,24512,63,1528,148,34560,895,641,1857,1555,262,27
MWATATE,23698,16123,14021,12325,50,75,1020,13494,608,60,938,11112,5335,2624,,3501,4363,657,1191,444,327,330,320,2903,1458,,2634,331,4422,1436,7021,7,480,62,9776,209,135,498,362,49,1
TAITA,15094,12139,11254,9162,89,112,1287,10748,612,54,3333,9332,5686,3883,,1226,6047,1325,1201,758,186,395,351,4358,3809,,3762,473,2684,2216,2989,2,590,29,7372,261,140,440,464,85,6
TAVETA,24115,14591,12053,10851,92,428,7239,9733,1187,339,290,7659,2476,1270,,3170,5472,488,3058,526,262,370,437,2661,1635,,527,134,5155,2367,7211,16,247,28,8803,135,81,414,466,85,12
VOI,33522,14067,11054,11124,44,55,679,10403,1244,35,345,3126,3662,1303,,6676,1747,368,978,612,1258,840,1047,1635,785,,970,150,4330,1171,7291,38,211,29,8609,290,285,505,263,43,8
GARISSA,141394,47645,4406,46154,1981,1411,1817,2590,748,,696,1326,,,,,1902,,1808,1132,,,1727,804,,,1376,608,23444,37684,41468,17624,20630,,5852,1307,832,833,285,,
BALAMBALA,4337,1786,428,1653,144,109,220,250,82,,96,113,,,,,171,,193,180,,,198,88,,,83,66,669,1020,1464,1110,821,0,108,69,63,67,62,0,0
DADAAB,35793,9315,410,9128,313,250,86,260,120,,46,161,,,,,70,,98,88,,,119,38,,,291,124,3217,6968,8064,6508,5072,0,476,240,120,64,48,0,0
FAFI,23671,6556,929,6263,326,263,473,651,123,,134,315,,,,,630,,598,380,,,519,226,,,325,175,2359,4844,5639,3871,3431,0,284,223,138,147,86,0,0
GARISSA,30518,3335,1032,2849,128,99,488,451,31,,91,202,,,,,655,,560,229,,,526,188,,,144,29,1341,1914,2517,1611,1341,0,239,113,22,48,20,0,0
HULUGHO,20254,13731,1147,13478,681,448,341,724,280,,166,338,,,,,197,,177,129,,,205,120,,,170,71,10619,12006,12284,891,5045,0,3774,301,232,362,46,0,0
IJARA,18481,8136,413,8021,311,158,191,244,108,,159,192,,,,,175,,179,124,,,157,143,,,314,131,3825,6950,7194,316,1891,0,908,349,249,141,19,0,0
LAGDERA,8340,4786,47,4762,78,84,18,10,4,,4,5,,,,,4,,3,2,,,3,1,,,49,12,1414,3982,4306,3317,3029,0,63,12,8,4,4,0,0
WAJIR,127932,63433,2484,62695,1272,912,638,1663,660,,,799,,,,,,,,,,,717,,,,1633,518,28872,53245,57038,39237,39275,,5712,891,447,174,69,,
BUNA,6480,3425,77,3407,37,38,7,42,46,,,17,,,,,,,,,,,12,,,,169,75,2078,2661,2929,2396,2249,0,586,84,63,7,3,0,0
ELDAS,13961,6975,513,6776,200,198,114,395,185,,,151,,,,,,,,,,,93,,,,133,85,1704,5844,6318,5516,5037,0,383,163,69,45,19,0,0
HABASWEIN,31292,19731,456,19603,381,213,160,345,122,,,192,,,,,,,,,,,173,,,,559,122,10769,17753,18318,12356,12318,0,1615,174,78,12,10,0,0
TARBAJ,9309,4598,114,4543,103,71,36,41,8,,,17,,,,,,,,,,,11,,,,75,20,644,3754,4201,2872,2693,0,186,95,38,4,8,0,0
WAJIR EAST,18674,3113,193,3039,58,52,51,88,39,,,42,,,,,,,,,,,84,,,,98,21,413,2177,2688,1250,1231,0,303,57,41,14,16,0,0
WAJIR NORTH,10490,5288,495,5214,51,50,163,419,168,,,246,,,,,,,,,,,34,,,,106,43,2946,3693,4468,3944,3453,0,876,107,33,65,0,0,0
WAJIR SOUTH,21364,11735,252,11663,225,173,67,174,48,,,76,,,,,,,,,,,71,,,,356,118,6728,9825,10333,6144,7316,0,774,146,84,17,12,0,0
WAJIR WEST,16362,8568,384,8450,217,117,40,159,44,,,58,,,,,,,,,,,239,,,,137,34,3590,7538,7783,4759,4978,0,989,65,41,10,1,0,0
MANDERA,125763,62639,15310,60556,1646,1083,5428,13594,5735,1129,7331,,,,,2250,1257,3566,2312,,1804,3601,1484,753,,,1203,427,28596,50451,56390,43691,40877,,13003,2155,1010,6008,173,,
MANDERA WEST,14274,8737,2432,8507,220,149,545,2082,1257,109,846,,,,,87,132,211,202,,506,302,268,50,,,117,28,5632,7471,8073,7448,5477,0,3073,137,91,677,45,0,0
BANISA,24285,14983,5661,14496,399,248,1310,5040,2480,561,2653,,,,,788,641,1082,671,,740,1103,562,285,,,321,98,6867,11996,13315,12889,9314,0,3256,745,281,4713,26,0,0
KOTULO,9446,6881,267,6826,92,87,55,179,114,43,92,,,,,42,39,67,52,,24,35,25,19,,,56,11,4534,6111,6499,5408,5013,0,1632,48,35,19,40,0,0
LAFEY,11597,7352,418,7240,146,99,82,304,189,31,117,,,,,39,23,63,41,,31,54,34,18,,,86,32,2918,6273,6961,5106,5436,0,1099,268,176,20,14,0,0
MANDERA CENTRAL,21140,8042,395,7954,337,197,131,310,211,111,187,,,,,104,105,137,112,,100,186,102,101,,,195,86,3881,6882,7349,4950,5165,0,1582,370,141,90,22,0,0
MANDERA EAST,25904,7078,2730,6540,194,119,1692,2466,572,156,1623,,,,,706,176,1145,681,,200,1101,272,172,,,216,86,2432,4672,5849,2685,3889,0,1301,328,133,129,16,0,0
MANDERA NORTH,19117,9566,3407,8993,258,184,1613,3213,912,118,1813,,,,,484,141,861,553,,203,820,221,108,,,212,86,2332,7046,8344,5205,6583,0,1060,259,153,360,10,0,0
MARSABIT,77495,39167,2655,38342,163,1295,160,1933,,,1619,,,72,,,,,,,,,405,,,,1367,768,17793,30124,33757,22092,21474,19,3340,291,165,337,16,131,37
LOIYANGALANI,7774,4891,70,4886,9,499,4,54,,,51,,,,,,,,,,,,43,,,,87,21,1390,4157,4602,2414,2765,2,333,53,21,88,3,8,2
MARSABIT CENTRAL,15849,4727,1974,4059,14,27,96,1447,,,1219,,,62,,,,,,,,,256,,,,358,129,2465,1824,2952,664,1239,1,782,64,37,199,5,8,2
MARSABIT NORTH,7521,6193,108,6190,7,28,2,98,,,90,,,1,,,,,,,,,4,,,,94,52,2541,5861,5934,5267,4074,1,101,10,6,8,1,7,0
MARSABIT SOUTH,11615,8620,50,8602,19,87,5,13,,,11,,,,,,,,,,,,23,,,,164,101,4404,7863,8211,6029,5527,7,950,32,19,4,1,12,2
MOYALE,17709,3823,202,3747,7,27,13,151,,,123,,,5,,,,,,,,,54,,,,154,76,1718,1807,2605,1624,1921,1,654,92,63,34,3,6,2
NORTH HORR,9789,7259,18,7238,53,603,5,3,,,1,,,,,,,,,,,,2,,,,369,290,2644,6867,6937,5289,4958,4,108,22,10,1,1,49,24
SOLOLO,7238,3654,233,3620,54,24,35,167,,,124,,,4,,,,,,,,,23,,,,141,99,2631,1745,2516,805,990,3,412,18,9,3,2,41,5
ISIOLO,58072,24271,2780,23348,80,209,1322,1983,,,1297,,351,,290,307,,1111,1019,,,364,1086,,,,596,406,11953,19424,20562,6771,11509,11,6041,319,225,407,54,66,13
GARBATULLA,18661,9264,1016,8990,47,75,582,655,,,206,,99,,138,119,,491,442,,,223,390,,,,219,171,3653,7843,8145,2988,5232,0,1704,42,31,53,6,38,10
ISIOLO,29853,8600,1485,7989,12,55,649,1119,,,1059,,239,,143,176,,520,494,,,87,619,,,,222,114,4767,5957,6802,1906,2718,10,3090,241,179,352,45,10,1
MERTI,9558,6407,279,6369,21,79,91,209,,,32,,13,,9,12,,100,83,,,54,77,,,,155,121,3533,5624,5615,1877,3559,1,1247,36,15,2,3,18,2
MERU,426360,274865,250493,201036,1089,1666,51587,217403,34277,68292,181410,40774,34320,6290,23981,118020,22818,13710,19650,6202,15218,2499,53941,27532,2428,,63202,12794,69431,34791,94528,273,3788,11730,132552,11192,6091,12278,12517,1011,112
BUURI EAST,23834,18061,16507,14523,56,91,2853,14811,555,12913,14256,1129,1731,2267,607,2189,2572,1268,1667,89,147,240,3439,677,331,,5096,1452,5819,5157,5740,7,420,476,11300,856,427,548,1247,49,5
BUURI WEST,27973,14939,13701,10656,67,83,4742,11358,191,11231,8916,535,1155,2009,554,1656,2568,918,3423,99,118,119,4760,1440,80,,3448,729,4911,5029,2402,6,41,156,7469,603,265,296,1016,64,3
IGEMBE CENTRAL,52031,31946,28457,21839,77,147,1943,25925,1189,5413,22202,2623,1851,184,1982,7755,220,667,426,137,887,253,2101,1710,105,,3100,703,9068,3080,13495,62,812,272,12443,918,547,921,378,70,11
IGEMBE NORTH,38871,22743,20589,14190,78,104,345,18822,1432,7915,16600,2270,1589,260,580,7450,262,364,208,75,1397,115,1647,1138,79,,2263,473,6601,1654,7615,39,388,61,7035,615,340,473,167,70,8
IGEMBE SOUTH,43281,21483,19032,13575,88,130,3346,14780,1456,1300,11435,2143,1451,207,2368,9459,349,577,812,192,1747,168,3804,2634,131,,2873,713,4429,1198,6501,5,129,1323,7279,1202,1225,727,480,76,16
IMENTI NORTH,57668,27839,24773,20376,115,185,5461,21729,3310,4663,19255,5509,4719,354,2031,15073,1787,2345,2023,1093,1124,321,6282,2981,101,,6964,1323,5293,3219,9179,13,71,2049,14289,1361,535,1135,1586,112,12
IMENTI SOUTH,64186,46386,43765,35690,273,416,18096,36114,6812,10358,27093,9476,9879,287,4711,31511,8020,3795,6672,389,2378,452,16319,8708,225,,20822,3936,5259,4003,13190,12,33,959,25421,2630,1387,2107,2641,260,29
MERU CENTRAL,39595,31894,30166,25068,124,236,9992,26113,9618,7965,20800,6304,5575,264,6544,17375,6421,1455,2474,1452,3562,259,9345,4317,159,,12860,2191,4840,3664,10367,10,161,1647,17981,1690,694,2319,2395,113,10
TIGANIA CENTRAL,25039,18982,17222,14249,76,100,2332,13696,4044,482,10065,2630,1752,166,2040,10529,231,613,687,1438,2783,174,2592,1976,80,,2251,484,7040,1460,7556,11,31,2240,9016,600,327,1622,847,73,3
TIGANIA EAST,17185,12186,10416,8860,41,52,749,9790,1004,4543,9004,1723,1027,43,352,3542,136,511,408,30,87,94,1125,636,44,,1471,288,3921,2644,5453,98,582,62,5239,289,148,499,379,32,8
TIGANIA WEST,36207,28224,25691,21927,93,122,1714,24124,4655,1354,21669,6402,3559,244,2206,11439,234,1186,828,1199,977,302,2482,1298,1089,,2015,481,12227,3650,13008,10,1115,2479,15035,424,193,1624,1372,91,7
MERU NATIONAL PARK,207,3,3,0,0,0,0,3,,,2,,,,,,1,,,,,,,,,,0,0,0,0,0,0,0,0,0,0,0,0,0,0,0
MT. KENYA FOREST,283,179,171,83,1,0,14,138,11,155,113,30,32,5,6,42,17,11,22,9,11,2,45,17,4,,39,21,23,33,22,0,5,6,45,4,3,7,9,1,0
THARAKA 0 NITHI,109860,85767,79228,67964,304,786,7766,53730,31848,6312,41827,18303,10425,,29144,31892,2102,3745,5674,1012,27262,1158,13507,10232,616,,18185,3635,22274,13039,44784,33,3849,3566,54256,2623,1041,9054,4004,284,29
IGAMBANG'OMBE,14398,12254,11495,9640,50,159,999,8147,5572,182,5537,1611,630,,5612,1673,96,345,140,57,5004,141,888,462,134,,1137,273,4271,2045,7409,7,98,239,7880,231,137,1632,469,49,2
MAARA,35041,27526,25577,22505,101,228,4625,22411,6627,1950,19555,9279,5728,,2422,17938,1391,2320,4274,267,1616,321,8614,5469,114,,11013,2264,3693,2211,12252,10,5,1496,17224,1138,461,2066,1596,97,8
MERU SOUTH,28249,19251,17733,15519,80,139,1138,15832,1883,4090,14528,6907,3628,,255,11559,518,805,1089,125,300,117,3219,4003,52,,5625,957,3618,1993,9003,1,6,1164,12408,843,295,1650,1783,75,8
THARAKA NORTH,13413,11402,10623,8381,32,63,236,2660,8316,44,959,170,113,,9190,261,40,111,65,360,9350,349,283,150,139,,90,21,4342,3227,6625,6,2642,368,6806,105,32,1730,23,29,4
THARAKA SOUTH,18646,15330,13798,11917,41,196,766,4678,9450,45,1246,335,325,,11665,460,57,163,105,203,10992,230,501,148,177,,320,120,6350,3563,9495,9,1098,299,9936,305,116,1976,133,34,7
MT. KENYA FOREST,113,4,2,2,0,1,2,2,,1,2,1,1,,,1,,1,1,,,,2,,,,0,0,0,0,0,0,0,0,2,1,0,0,0,0,0
EMBU,182743,130990,123265,98446,579,1633,11873,109171,22883,31032,89278,27641,20905,,30437,55970,8247,8734,8517,1215,12819,1884,27825,17631,,,23852,5700,32172,12781,56864,56,8069,2404,80171,4250,1525,11926,7297,549,57
EMBU EAST,39678,31674,29995,23924,160,234,2595,26782,740,13434,23223,9993,6218,,209,21651,2601,2578,3137,202,282,277,9108,7359,,,9087,2026,4669,2221,11625,8,12,545,19095,1324,457,2159,2293,159,15
EMBU NORTH,24300,18854,17797,13718,90,176,2234,14688,169,6378,11822,4179,5096,,139,13757,4260,2289,3214,107,80,127,9773,4749,,,7012,1593,1551,1373,4519,4,3,616,9773,1051,421,976,1567,84,8
EMBU WEST,43153,21166,19386,14566,151,220,2231,16926,443,9283,14872,4414,3725,,317,12529,943,1359,1292,242,205,285,4773,3370,,,5180,1414,2402,1115,6612,10,43,900,11173,879,342,1131,1582,141,15
MBEERESOUTH,46065,35511,33684,27304,93,705,2930,31493,12570,698,24850,5218,3945,,20013,3659,274,1664,486,451,4855,724,2431,1064,,,1226,424,14638,4924,20027,20,5376,161,23551,638,169,4040,1058,88,12
MBEERE NORTH,29528,23785,22403,18934,85,298,1883,19282,8961,1239,14511,3837,1921,,9759,4374,169,844,388,213,7397,471,1740,1089,,,1347,243,8912,3148,14081,14,2635,182,16579,358,136,3620,797,77,7
MT. KENYA FOREST,19,,0,0,0,0,0,,,,,,,,,,,,,,,,,,,,0,0,0,0,0,0,0,0,0,0,0,0,0,0,0
KITUI,262942,215322,199459,177701,570,863,6716,178635,98030,,105815,35623,15210,,133390,16923,1330,8600,5648,,60988,17724,19725,3959,2711,,3865,3016,88486,20920,149306,433,103497,175,147023,3016,1968,30134,710,461,82
IKUTHA,16679,14236,12055,12419,29,62,582,11519,7331,,2705,1269,674,,10007,354,82,451,274,,4464,1767,1265,135,99,,287,237,6610,1574,10912,6,8639,14,10106,239,145,3044,16,21,3
KATULANI,12170,10717,10312,8313,29,39,327,10218,1976,,8454,2224,1336,,5744,845,55,514,299,,252,271,937,144,29,,205,174,4018,356,6628,7,4233,7,7172,178,151,444,49,24,7
KISASI,10866,9797,9618,7756,15,28,221,9452,4226,,5605,2311,1294,,6861,634,78,547,360,,556,448,902,120,74,,135,109,4225,310,6289,3,4129,9,6524,87,41,708,41,11,1
KITUI CENTRAL,29057,17146,16227,11892,47,73,484,15951,3334,,13599,5857,2060,,4553,3958,171,963,610,,730,412,2191,1063,105,,561,254,4856,332,8313,7,3397,14,9795,329,200,689,65,42,3
KITUI WEST,17497,15208,14688,12411,21,52,262,14528,4148,,13917,3739,1410,,7066,2355,89,434,379,,430,242,1062,315,35,,313,135,5607,1008,9738,10,6165,11,10827,107,57,357,147,18,1
KYUSO,15993,14021,12646,12287,37,65,500,8649,10300,,2600,1076,224,,10710,319,60,403,293,,8956,2412,836,167,650,,195,241,6508,2304,10907,11,9089,10,9791,248,170,3253,12,34,4
LOWER YATTA,15454,12281,11395,10349,76,78,618,11247,3502,,8902,1185,1233,,8227,888,100,681,525,,691,570,1524,178,87,,379,313,6243,1380,8869,9,6395,7,8461,286,215,1890,24,50,26
MATINYANI,11513,10531,10247,8314,17,27,376,10104,2111,,9620,2966,1327,,4150,1623,81,499,335,,161,157,1618,260,25,,286,206,3953,712,6297,5,3504,8,7272,183,93,329,75,14,2
MIGWANI,19096,17012,16281,14237,27,66,326,16066,4482,,14899,4481,1640,,9685,2235,84,631,412,,882,510,1245,413,69,,216,150,6278,1340,11927,4,6759,13,12272,127,80,1418,141,24,2
MUMONI,6496,5646,5185,4876,12,27,126,3538,4499,,1549,630,154,,4536,110,19,113,68,,4403,620,345,38,146,,91,144,2513,1132,4472,1,3345,3,4107,74,100,1184,7,12,0
MUTITU,11521,9766,8461,8551,39,44,348,7928,5245,,482,856,438,,6909,403,72,439,338,,4657,1193,911,146,51,,138,103,4160,991,7372,74,5873,8,6835,116,37,1954,8,34,5
MUTITU NORTH,4929,4303,3966,3668,12,12,92,3889,2244,,846,323,108,,3265,163,23,149,114,,1648,475,469,42,21,,99,65,1892,149,3181,4,2158,5,2776,90,48,1075,5,5,0
MUTOMO,23044,19832,18506,16780,54,60,652,18067,11975,,3898,2664,1192,,15363,581,99,627,482,,7983,1967,1618,186,103,,193,110,9601,1717,14496,258,10818,19,14157,166,62,3774,15,34,5
MWINGI CENTRAL,26753,19371,17344,16408,60,61,793,16328,10483,,10494,2220,839,,12640,812,114,918,423,,6105,1339,1872,324,86,,307,301,7504,1526,14598,7,10481,17,13058,287,189,3494,37,51,9
MWINGI EAST,18730,15945,14231,13810,27,55,350,10679,10592,,1984,606,116,,11385,180,45,257,151,,9718,2389,1023,84,74,,115,168,6853,824,12054,18,9688,10,11077,153,79,3736,10,24,3
NZAMBANI,11276,9189,8728,6611,13,42,394,8618,3224,,6075,2743,1113,,3606,1308,102,738,465,,756,434,1397,226,161,,217,91,3034,290,5131,0,2065,9,5649,158,147,787,50,13,1
THAGICU,3289,2968,2620,2723,4,30,51,311,2127,,43,21,7,,2394,62,16,38,13,,2364,219,48,29,175,,41,126,1350,1547,2464,1,1697,5,2152,94,100,405,3,2,2
TSEIKURU,8579,7353,6949,6296,51,42,214,1543,6231,,143,452,45,,6289,93,40,198,107,,6232,2299,462,89,721,,87,89,3281,3428,5658,8,5062,6,4992,94,54,1593,5,48,8
MACHAKOS,402466,231341,217073,176746,564,1834,16642,211089,22077,12704,194467,60602,37625,,55800,60821,5394,16758,9110,,4514,4679,40521,9053,,,12759,4057,103561,34152,113642,96,19679,427,143193,5072,2606,6284,7966,500,68
ATHI RIVER,109735,13071,9680,9681,63,131,1751,8395,628,801,7655,1607,1622,,1175,1964,741,1747,1466,,274,509,3530,755,,,908,384,4053,2442,4720,10,840,103,7566,706,395,170,350,57,5
KALAMA,14182,11334,10682,8859,33,93,422,10522,764,457,9915,3801,1891,,1015,2476,146,501,387,,293,235,1188,213,,,534,267,5531,945,6429,7,497,6,7298,237,149,207,266,28,3
KANGUNDO,26142,23045,22600,16919,33,103,1196,22225,841,680,21492,12572,7126,,1198,12735,400,2108,1225,,204,307,5628,1212,,,2134,311,8921,2432,8352,8,835,48,13606,533,223,299,1541,33,2
KATHIANI,28730,24578,23760,17370,29,119,2968,22949,587,4271,21996,8863,4515,,1385,11005,1432,2360,580,,168,196,6408,2216,,,1643,396,8796,2938,8195,5,547,18,13818,442,190,177,1102,27,2
MACHAKOS,50979,26753,25084,18067,41,142,1693,24221,654,4625,23140,8216,4745,,1663,8841,1002,2399,1467,,207,387,6237,1466,,,1783,398,8026,2383,9831,9,541,35,14011,644,299,216,959,40,0
MASINGA,36251,30328,28120,25112,126,375,1314,27568,6838,516,22682,4641,3705,,15211,3725,249,1289,517,,1295,900,3138,593,,,673,448,16828,5885,20093,20,3189,42,21012,521,264,1857,630,106,22
MATUNGULU,44454,29763,27638,21307,76,311,2590,26874,1154,822,25219,9598,5002,,2807,8993,621,2519,1678,,230,481,5040,1124,,,1088,366,12402,7460,10378,11,253,84,16733,578,349,414,1528,66,11
MWALA,45840,39928,38921,32795,77,243,1609,38432,5503,245,35847,7415,5567,,16227,7045,396,1804,872,,1025,843,4492,484,,,2491,982,21862,3517,24657,14,7143,32,27496,826,428,1437,964,68,19
YATTA,46153,32541,30588,26636,86,317,3099,29903,5108,287,26521,3889,3452,,15119,4037,407,2031,918,,818,821,4860,990,,,1505,505,17142,6150,20987,12,5834,59,21653,585,309,1507,626,75,4
MAKUENI,244669,193531,180639,157946,394,908,15313,176503,34867,12328,137972,45628,29899,,69800,49487,6382,12906,6773,,6607,5887,33585,12286,1564,,9659,3192,96923,27988,118982,73,30697,129,133836,4986,2755,12302,3675,324,66
KATHONZWENI,18365,15666,14130,13978,24,60,703,13792,5465,50,7183,1179,982,,11177,781,106,646,293,,989,537,1605,175,220,,609,180,8860,2296,12320,7,7244,10,12254,196,125,1936,96,21,6
KIBWEZI,47912,33820,29084,27645,77,166,2036,27902,9449,132,10918,3984,1560,,21402,1184,236,1291,396,,1582,1597,3302,445,367,,708,434,15179,5902,23851,8,2515,20,22767,717,355,2752,247,61,16
KILUNGU,14586,12881,12457351,10182,26,71,1659,12264,328,3882,11953,6415,2679,,397,8065,1342,1141,706,,81,114,3520,2831,62,,1121,225,5694,1265,5833,11,559,4,8451,505,270,547,562,23,2
MAKINDU,21756,14334,12115,11710,28,151,984,11577,2694,70,6083,1205,1189,,8944,476,123,694,203,,468,503,1434,152,70,,295,197,5562,2669,9872,12,996,9,9635,343,326,1343,128,21,2
MAKUENI,34479,26021,25179,20749,84,106,2125,24706,4234,750,22675,7769,5789,,6568,9637,755,2016,1126,,566,912,5365,1871,214,,1544,523,13900,2339,14213,10,4645,23,17975,570,258,1425,803,62,21
MBOONI EAST,23734,21461,20939,17985,32,123,1183,20622,5991,193,18669,4005,3983,,8710,6192,332,1164,713,,1174,624,3330,933,194,,1128,578,12220,1627,14226,4,7193,12,15467,976,501,1446,312,29,5
MBOONI WEST,24833,22069,21464,16721,30,57,3248,21181,1445,4472,20651,9076,5390,,1370,11744,1731,2416,1656,,417,376,6850,2943,118,,1890,351,9220,2011,10244,3,747,6,14219,744,469,453,563,27,4
MUKAA,28185,22133,21171,18432,36,70,1026,20838,1866,2397,19847,6186,4042,,2658,5720,786,1217,847,,454,420,2893,1187,46,,1095,266,12962,5285,13402,5,1925,22,15604,341,200,897,488,34,1
NZAUI,30819,25146,24100,20544,57,104,2349,23621,3395,382,19993,5809,4285,,8574,5688,971,2321,833,,876,804,5286,1749,273,,1269,438,13326,4594,15021,13,4873,23,17464,594,251,1503,476,46,9
NYANDARUA,179686,140854,135148,110337,250,603,4218,114595,1793,119679,59481,1038,3788,2719,4241,3956,64651,3099,43964,,,,74358,3636,,,62978,9637,23151,53860,12196,,6668,512,80850,7065,1996,2442,9263,233,16
KINANGOP,30970,23636,22292,18291,28,50,502,13568,35,20282,3784,40,84,85,971,83,15861,118,4652,,,,12808,80,,,13083,1741,1297,8503,688,0,635,37,11473,1371,325,194,1529,25,3
NYANDARUA SOUTH,25822,20400,19621,16405,23,83,196,15798,66,18318,5585,35,97,447,379,64,13047,133,8531,,,,13258,90,,,12458,2009,1977,7688,409,0,643,10,10747,1301,275,370,1752,23,1
MIRANGINE,18816,14488,14078,11271,30,43,237,12400,62,13109,4788,53,88,47,396,295,6571,223,5355,,,,8003,64,,,7888,1142,1422,5381,649,0,1160,24,8013,533,167,127,878,26,5
KIPIPIRI,25200,21702,20973,17349,38,93,1302,17870,108,18566,10808,63,490,642,533,525,10197,458,7854,,,,11311,423,,,9357,1760,5081,9301,1165,0,954,32,12813,1405,600,641,1223,36,1
NYANDARUA CENTRAL,21942,16111,15535,12171,36,83,185,14729,203,13376,9967,59,328,228,429,550,6477,591,5325,,,,8579,334,,,6015,838,2448,6309,1796,0,1519,72,9754,857,208,258,952,33,1
NYANDARUA WEST,29008,21047,20060,16014,26,100,319,18616,129,16949,9871,55,450,534,925,720,6391,374,5685,,,,9870,868,,,7930,1192,3089,7768,2251,0,826,89,12591,931,214,285,1495,24,1
NYANDARUA NORTH,27917,23468,22587,18834,69,151,1477,21613,1190,19077,14678,733,2251,736,608,1719,6106,1201,6562,,,,10529,1777,,,6245,955,7837,8909,5238,0,931,248,15457,665,206,567,1434,66,4
ABERDARE NATIONAL PA,11,2,2,2,0,0,0,1,,2,,,,,,,1,1,,,,,,,,,2,0,0,1,0,0,0,0,2,2,1,0,0,0,0
NYERI,248050,164229,154421,122979,760,1264,23545,138426,3354,,108919,125889,13597,34618,2536,2311,81891,45430,12864,27917,,,71714,23622,,,51342,7267,28563,33893,41183,,439,2305,84273,8973,2370,3514,9302,718,58
TETU,24139,20387,19625,15595,101,155,739,18703,177,,16979,17212,1576,6022,98,258,14230,6799,1781,3421,,,12240,3769,,,8151,1174,1849,3164,4905,0,19,353,10087,1722,432,507,1132,94,12
KIENI EAST,36835,23138,21124,17802,170,185,9435,17784,813,,19154,17620,477,2658,570,647,2222,7932,1876,3518,,,7667,2154,,,3910,441,8360,8961,4308,0,94,128,14277,579,131,551,1606,164,4
KIENI WEST,27619,21942,20488,17108,63,106,3417,18569,1296,,18163,16912,532,2522,1342,379,1987,5527,1673,7839,,,7190,1596,,,5477,760,7504,7928,4320,0,251,67,13258,848,247,792,1440,61,9
MATHIRA EAST,35044,20473,19174,14460,66,123,4003,15719,123,,9506,13036,1696,3659,74,275,12612,7727,1431,2717,,,9847,4137,,,6432,956,2593,3225,4191,0,9,540,8847,1121,280,193,1046,64,1
MATHIRA WEST,19020,15919,15242,11854,75,139,2272,14301,151,,13009,13485,2048,3869,72,133,10735,3105,1204,1492,,,5531,2539,,,4907,516,2295,3675,4188,0,23,294,8785,625,171,347,800,66,9
NYERI SOUTH,28228,21243,20337,15458,92,222,1012,17672,137,,13064,15126,1099,5291,92,343,13483,9351,1887,4813,,,13022,2820,,,7718,1186,2573,2538,4863,0,3,320,8720,1470,353,323,1198,83,9
MUKURWE0INI,27040,22973,22075,18730,113,200,1352,20938,484,,5816,19153,4756,6743,116,104,17368,1636,1437,1900,,,9201,4313,,,10494,1671,1665,1553,10379,0,3,229,12457,1443,410,538,1406,109,8
NYERI CENTRAL,49945,18108,16311,11956,80,134,1311,14736,172,,13184,13326,1413,3853,171,172,9254,3345,1574,2216,,,7009,2294,,,4251,562,1716,2841,4029,0,37,374,7832,1165,346,262,674,77,6
MT. KENYA FOREST,101,44,43,15,0,0,2,3,1,,42,18,,,,,,7,,,,,6,,,,1,1,8,8,0,0,0,0,10,0,0,1,0,0,0
ABERDARE FOREST,79,2,2,1,0,0,2,1,,,2,1,,1,1,,,1,1,1,,,1,,,,1,0,0,0,0,0,0,0,0,0,0,0,0,0,0
KIRINYAGA,204188,139866,130577,97394,702,1796,42309,100197,8880,21557,22133,83440,20215,25556,,4285,73990,18370,15866,10460,2643,2049,40338,19104,,,29013,8588,25622,9616,42477,,564,2410,74137,4680,2007,2844,8727,606,54
KIRINYAGA CENTRAL,40225,27890,25884,19963,154,235,5645,20599,936,1399,4489,16778,2785,4705,,166,17432,6341,3281,3631,320,141,10337,3704,,,7798,2414,3181,1375,8413,0,5,782,14507,940,452,357,1989,76,6
KIRINYAGA EAST,44571,36150,34695,26424,184,388,7495,26017,887,1139,9543,22155,8136,7676,,277,26011,7674,3589,3515,264,498,14083,7848,,,9861,3329,6230,2416,9521,0,10,507,20145,1426,589,1527,2465,179,17
KIRINYAGA WEST,38309,27280,25922,19503,195,484,5012,22028,1436,1193,2302,19144,4494,7243,,299,17617,2966,1803,2284,319,304,7961,4392,,,7548,1859,3531,1882,9961,0,19,396,14535,963,409,439,2032,191,17
MWEA EAST,46340,25729,23390,16853,108,363,12563,17855,2136,7991,5477,14361,2989,3226,,1530,7892,957,3014,670,498,807,4659,2096,,,2280,633,6508,1956,8649,0,196,360,13335,738,344,373,1339,102,7
MWEA WEST,34720,22809,20680,14647,61,326,11594,13695,3485,9835,322,10999,1811,2705,,2013,5037,430,4177,360,1242,299,3296,1064,,,1525,352,6172,1987,5933,0,334,365,11612,613,213,148,902,58,7
MT. KENYA FOREST,23,8,6,4,0,0,0,3,,,,3,,1,,,1,2,2,,,,2,,,,1,1,0,0,0,0,0,0,3,0,0,0,0,0,0
MURANG'A,318105,231400,219973,175123,450,1345,11205,202745,6021,,91878,177211,49778,60504,,3208,144925,35857,13611,26806,,,86317,21753,,,82912,17983,30738,22478,66761,,621,11053,117623,10341,3161,3488,14565,428,36
MURANG'A EAST,34734,21474,20308,16339,58,211,1310,19674,1209,,4080,18506,6365,5912,,288,12802,508,840,1172,,,3511,2443,,,5511,909,4319,1338,9341,0,19,338,12245,969,264,326,1292,54,6
KANGEMA,25293,20585,19897,15788,35,84,501,18294,162,,8612,14126,3079,6542,,439,13971,7310,989,5146,,,12736,2770,,,8528,2299,2175,2785,6191,0,0,189,8654,1647,395,295,1506,35,2
MATHIOYA,28400,23395,22656,18202,43,128,902,20339,144,,10072,16968,3485,6725,,400,15506,4847,1293,3811,,,11983,1862,,,10944,2050,2222,2269,7060,0,4,247,10618,1798,510,361,1606,41,3
KAHURO,26930,23127,22332,18940,44,103,789,20102,186,,6643,17593,5203,7455,,123,17333,3864,1336,2921,,,10963,2047,,,11942,2645,1691,3638,6868,0,4,263,12794,1139,493,256,1267,42,3
MURANG'A SOUTH,55998,37654,35260,27467,79,283,2952,34203,2011,,12936,31932,12222,9470,,681,20062,941,2800,1545,,,7831,3037,,,8616,1521,6484,2705,12698,0,288,2876,21579,926,397,706,2739,74,8
GATANGA,55461,35429,32990,25793,74,234,1791,29265,1388,,15923,26024,5932,6959,,734,20722,6333,2421,4153,,,12711,2902,,,9867,3239,5856,2763,10904,0,131,1483,17661,1255,367,863,1964,73,3
KIGUMO,40552,31110,29917,23808,63,119,936,26237,345,,10591,20959,4411,5784,,364,16971,7138,1355,4143,,,12360,1483,,,13140,2692,3962,4274,5345,0,33,1480,14926,1204,379,285,1733,59,6
KANDARA,50704,38624,36611,28785,54,183,2024,34630,576,,23019,31103,9081,11657,,179,27558,4914,2577,3914,,,14221,5209,,,14364,2628,4028,2706,8354,0,142,4177,19145,1403,356,396,2458,50,5
ABERDARE FOREST,33,2,2,1,0,0,0,1,,,2,,,,,,,2,,1,,,1,,,,0,0,1,0,0,0,0,0,1,0,0,0,0,0,0
KIAMBU,795241,214052,177419,147137,417,1317,14835,144125,,,108457,120887,9816,18416,,,74810,41121,17996,28684,,,103524,19981,,,67014,9559,10511,30251,21854,,3891,9731,92248,14138,4156,1535,7577,379,52
GATUNDU NORTH,31472,21532,19457,15368,23,75,716,14604,,,9382,11788,1170,3276,,,12602,3163,1568,2023,,,7309,2228,,,8476,1752,1090,3478,3425,0,38,334,8758,1580,271,261,1025,22,3
GATUNDU SOUTH,35609,25074,23552,17818,62,146,740,20819,,,17143,18372,2420,4625,,,17800,4400,1837,3373,,,11440,4949,,,10414,1615,1195,4686,3028,0,21,483,11795,1241,383,256,930,55,10
GITHUNGURI,49426,29745,26504,21117,31,113,1734,23166,,,16428,18081,1484,2396,,,16563,7734,3565,4711,,,16009,3922,,,14861,1336,1230,2418,2105,0,103,911,12195,1672,530,164,849,27,4
JUJA,104301,15859,9564,11395,50,192,1658,7436,,,2362,6226,1062,1416,,,2618,1021,1514,1316,,,3870,1046,,,1457,303,1148,1659,2595,0,205,452,9001,1077,402,94,808,45,8
KABETE,66710,15713,11756,10463,32,66,2681,8812,,,5859,7216,231,501,,,2999,1917,811,1657,,,8232,808,,,4188,600,464,1352,899,0,130,2176,5159,1116,322,41,401,29,3
KIAMBAA,80332,13339,10223,8350,18,68,909,8788,,,5605,7620,461,973,,,4482,1404,1091,1331,,,6127,1208,,,2673,364,540,1415,1144,0,114,1230,4659,930,322,61,381,17,2
KIAMBU,47275,10505,7831,6907,28,80,728,6657,,,3172,5238,570,737,,,4229,835,909,955,,,3833,1477,,,2156,289,318,874,1251,0,51,1413,3919,946,325,86,429,28,4
KIKUYU,60686,17693,14832,11772,26,70,876,13449,,,12438,12733,338,782,,,3174,2178,1259,2421,,,8210,1054,,,3771,479,575,2447,1896,0,957,1336,8393,1066,321,141,416,25,1
LARI,38592,25602,23860,18031,40,72,1219,16282,,,19240,12158,305,1089,,,4896,12078,1578,4917,,,20622,780,,,11369,1636,1547,6324,1007,0,988,144,11012,1646,387,178,1110,38,3
LIMURU,49174,19202,16888,12561,25,69,1003,14312,,,14217,13413,179,540,,,1617,4908,1344,3755,,,11999,567,,,5747,745,648,3982,1168,0,1106,536,7653,1238,247,127,471,22,4
RUIRU,129470,8590,5013,5960,37,105,1003,3554,,,970,2756,478,689,,,1423,681,939,885,,,2367,807,,,748,217,407,626,1226,0,112,287,4402,827,341,35,320,32,6
THIKA EAST,12736,4700,3739,3340,17,125,863,3304,,,752,3024,620,634,,,1111,305,651,563,,,1472,458,,,389,50,1123,678,1246,0,47,107,2673,150,36,67,212,17,0
THIKA WEST,89458,6498,4200,4055,28,136,705,2942,,,889,2262,498,758,,,1296,497,930,777,,,2034,677,,,765,173,226,312,864,0,19,322,2629,649,269,24,225,22,4
TURKANA,164519,61209,14240,56643,398,4522,4968,9751,10225,,,,,,1991,,,,,,,2917,1827,,,,561,308,10117,40870,52740,15589,13570,67,5501,695,466,302,45,333,101
KIBISH,5805,3955,148,3896,18,20,64,85,24,,,,,,7,,,,,,,61,46,,,,88,53,2196,3404,3707,526,2294,1,190,23,24,2,4,16,0
LOIMA,19438,9743,2584,9157,63,91,1072,1732,2167,,,,,,414,,,,,,,323,201,,,,91,39,976,5896,8656,2616,1565,17,1055,161,130,53,13,56,11
TURKANA CENTRAL,38173,11229,2646,10671,120,2659,743,1392,2122,,,,,,404,,,,,,,834,198,,,,101,62,330,7132,9785,1826,731,14,1442,200,108,8,12,106,41
TURKANA EAST,17981,9618,2845,8759,54,69,1497,2695,1922,,,,,,331,,,,,,,460,272,,,,73,38,2714,7482,8223,4243,2735,13,801,92,49,136,3,54,5
TURKANA NORTH,13119,6956,161,6931,53,1576,45,53,25,,,,,,8,,,,,,,62,62,,,,57,41,425,4309,6526,1484,1172,5,548,48,44,3,1,27,30
TURKANA SOUTH,24552,10257,2979,8703,39,63,1196,2824,1518,,,,,,607,,,,,,,785,780,,,,68,20,902,6178,8059,2447,1203,5,907,106,74,65,4,31,3
TURKANA WEST,45451,9451,2877,8526,51,44,351,970,2447,,,,,,220,,,,,,,392,268,,,,83,55,2574,6469,7784,2447,3870,12,558,65,37,35,8,43,11
WEST POKOT,116182,89828,80186,78534,620,397,8095,75323,18754,11316,43812,2126,2942,,2193,14413,8146,4808,10145,1140,11759,1035,18662,4006,,,11076,3253,51874,40004,48267,3281,3378,64,52039,2376,1419,15207,228,518,87
KIPKOMO,18370,14921,13998,13129,68,70,2577,13733,4632,686,10477,539,818,,297,3029,660,1054,2115,188,2829,106,3501,558,,,1075,518,9283,7446,8004,18,949,9,10246,449,280,2079,54,58,6
POKOT CENTRAL,21850,17573,14219,15106,61,72,3257,13864,2097,644,7281,909,613,,838,4137,656,1168,1691,372,3822,226,2533,1659,,,549,288,9374,6402,10625,435,230,3,9123,268,99,1911,15,55,10
POKOT NORTH,25804,20563,17933,18947,164,87,341,17561,7692,285,8915,117,261,,488,622,242,432,462,278,1607,486,1313,370,,,751,737,14950,9292,16945,2457,493,30,10563,455,289,5888,34,144,38
POKOT SOUTH,13817,12241,11709,11091,68,31,1085,8398,481,7886,4585,181,413,,87,1998,4883,1146,4836,63,934,80,5930,743,,,6033,819,4173,6068,1385,6,631,3,7743,425,170,1202,39,65,6
WEST POKOT,36341,24530,22327,20261,259,137,835,21767,3852,1815,12554,380,837,,483,4627,1705,1008,1041,239,2567,137,5385,676,,,2668,891,14094,10796,11308,365,1075,19,14364,779,581,4127,86,196,27
SAMBURU,65910,43149,13814,41097,172,278,465,12817,,3168,10667,,346,93,465,721,1593,2202,2458,,51,,4487,,,,1046,1112,29629,34813,34279,9204,9857,48,13709,634,367,3642,62,145,31
SAMBURU CENTRAL,34202,22176,13217,20248,94,119,355,12561,,3134,10408,,321,89,425,656,1556,2092,2359,,49,,4291,,,,681,663,15372,17003,14671,1843,1904,20,9358,446,212,2377,46,78,6
SAMBURU EAST,18424,11460,222,11430,23,77,14,59,,17,53,,7,2,3,8,13,18,15,,2,,33,,,,242,301,7544,10104,10780,3784,5126,13,2914,125,64,468,5,20,3
SAMBURU NORTH,13284,9513,375,9419,55,82,96,197,,17,206,,18,2,37,57,24,92,84,,,,163,,,,123,148,6713,7706,8828,3577,2827,15,1437,63,91,797,11,47,22
TRANS NZOIA,223808,140249,129945,96811,713,770,5153,125391,9454,15289,88786,10655,22537,1663,1251,55116,8379,9486,7414,2205,12266,,43464,7816,,,34268,3327,33315,33309,7090,,3257,670,76678,5329,2025,1959,895,664,86
TRANS NZOIA WEST,47603,23540,21654,16142,108,123,983,20733,1886,4606,16029,1823,3479,268,211,9683,1823,2871,1338,337,2178,,7093,865,,,3464,425,7541,5255,1504,0,900,211,12919,698,294,299,135,101,13
TRANS NZOIA EAST,50017,36921,34999,26385,198,189,1106,34049,1992,3387,22193,1392,4123,360,240,12863,2349,1380,2243,194,3921,,12007,1684,,,14150,992,6653,10280,934,0,699,95,20374,1451,360,789,206,184,14
KWANZA,45752,28502,26223,18991,170,174,877,25420,1951,1826,17713,2149,4626,344,274,9958,1377,1374,1018,303,2610,,7917,1047,,,6666,731,6514,6844,853,0,388,147,14788,1194,563,232,168,159,31
ENDEBESS,23705,16775,15624,11952,38,43,1189,14936,1591,2818,11555,831,1698,196,145,4196,1055,2130,979,99,1547,,3922,310,,,2611,384,5446,5146,2004,0,1050,58,9076,440,198,220,76,30,4
KIMININI,56731,34511,31445,23341,199,241,998,30253,2034,2652,21296,4460,8611,495,381,18416,1775,1731,1836,1272,2010,,12525,3910,,,7377,795,7161,5784,1795,0,220,159,19521,1546,610,419,310,190,24
UASIN GISHU,304943,141547,132009,104671,524,708,5141,126577,8982,23950,67257,2675,10382,8148,,21501,12737,9092,16729,,15684,,46064,4704,,,44163,3056,42622,44277,6478,19,1693,847,73895,5430,1773,5442,1047,477,61
AINABKOI,34892,17845,16705,13513,69,88,640,15828,743,6235,8536,125,900,1254,,1494,2495,1137,3143,,1908,,6450,266,,,6434,614,4985,7021,530,3,116,97,8877,790,364,862,169,58,8
KAPSERET,59746,16891,14835,11835,65,100,611,13839,741,1983,6530,324,1237,378,,3103,1331,1218,2048,,642,,6079,690,,,6064,517,2764,3682,625,1,55,234,8132,889,296,458,130,62,3
KESSES,34653,24309,23307,18175,55,84,640,22229,1332,8846,12119,184,1411,754,,3275,3946,1350,5395,,1283,,9885,523,,,9445,729,6667,7519,563,3,735,42,11969,948,230,998,233,53,5
MOIBEN,46729,22915,21714,17708,117,105,1266,20805,2128,3635,12677,234,1456,3673,,2461,2085,1866,2205,,6591,,6999,515,,,4796,374,10454,10281,1801,3,288,144,12264,694,250,1630,231,113,16
SOY,53784,33352,31494,24693,100,153,1093,30817,2259,1764,15491,689,2845,1658,,5141,1744,2003,1870,,3382,,8758,646,,,10563,371,9815,10157,1385,4,443,79,18855,1011,281,900,133,90,12
TURBO,75139,26235,23954,18747,118,178,891,23059,1779,1487,11904,1119,2533,431,,6027,1136,1518,2068,,1878,,7893,2064,,,6861,451,7937,5617,1574,5,56,251,13798,1098,352,594,151,101,17
ELGEYO/MARAKWET,99861,74881,71084,54322,280,340,8383,62633,9624,27205,39126,2276,4123,1369,1744,12325,10555,4105,13775,1772,20353,548,22876,2021,,,13432,1802,31393,27835,10730,21,1708,49,32412,1512,670,5141,530,260,35
KEIYO NORTH,21947,15190,14339,10582,29,58,809,13527,1612,3018,9650,199,791,648,223,2011,1223,934,1346,83,4971,87,3671,253,,,1902,177,6845,5631,1816,7,163,7,6608,207,60,910,157,27,2
KEIYO SOUTH,27029,21518,20441,16550,113,115,1074,18562,2052,8789,11723,682,1443,285,484,3660,4234,1045,5207,1061,4870,123,7646,305,,,5304,774,9063,8509,2877,5,531,11,10318,574,216,1859,172,105,10
MARAKWET EAST,21362,15779,14723,11044,36,69,4250,11779,3887,4840,6388,1186,935,194,835,2875,1498,1160,2231,535,5590,225,3840,705,,,1462,328,6168,5397,4056,6,127,6,5108,184,109,1083,22,33,6
MARAKWET WEST,29523,22394,21581,16146,102,98,2250,18765,2073,10558,11365,209,954,242,202,3779,3600,966,4991,93,4922,113,7719,758,,,4764,523,9317,8298,1981,3,887,25,10378,547,285,1289,179,95,17
NANDI,199426,148887,143017,111347,824,1034,3777,134408,14875,18045,79216,17146,25641,1766,,68158,14764,10084,32316,1343,12788,,58494,22885,,,54653,5315,43268,28054,10032,,3116,201,78490,6867,2285,3937,1248,777,79
CHESUMEI,39051,26835,25504,20274,124,155,557,23735,1785,3790,11413,1437,3521,261,,11721,2941,1297,4512,149,1722,,11747,3105,,,13575,1063,4170,5720,647,0,36,29,13598,1752,531,586,265,118,10
NANDI CENTRAL,34400,23951,22841,17343,125,168,516,20895,1667,3236,11961,2319,3917,217,,11458,2304,1233,4997,186,1517,,10053,3223,,,8901,868,5918,3902,970,0,51,57,11421,1265,326,664,255,118,8
NANDI EAST,29253,16777,16093,11896,91,108,738,14873,1330,3121,9441,823,1860,293,,6017,2296,1482,4761,86,1030,,7044,967,,,6573,557,3999,2603,722,0,402,12,7514,799,292,460,97,85,6
NANDI NORTH,35297,30073,29010,23728,171,264,1080,28171,3704,3452,15124,1645,3919,319,,11251,3198,1697,5265,268,3461,,9326,4739,,,13536,1576,7845,8001,1075,0,337,68,17300,1352,537,908,163,156,26
NANDI SOUTH,37094,31054,29829,23740,231,219,420,27508,2250,3165,18653,8551,9671,249,,18816,2843,1958,8390,492,1965,,12941,4965,,,8776,910,11798,5195,3179,0,488,30,17656,1209,334,703,294,223,23
TINDERET,24331,20197,19740,14366,82,120,466,19226,4139,1281,12624,2371,2753,427,,8895,1182,2417,4391,162,3093,,7383,5886,,,3292,341,9538,2633,3439,0,1802,5,11001,490,265,616,174,77,6
BARINGO,142518,100465,84426,80426,511,841,7165,80000,13594,12438,49579,5655,7571,1310,3802,18052,5585,5204,11101,4242,27128,1742,23812,3070,,,13012,2709,45272,37159,45686,4368,6093,76,53611,2032,1029,17720,627,468,81
BARINGO CENTRAL,23555,15137,14047,10403,41,75,354,13463,2739,877,10087,1815,2185,316,376,6131,441,1036,1401,1609,5873,120,4799,940,,,2643,470,4770,3549,4672,4,211,2,7357,362,133,1839,96,33,6
BARINGO NORTH,23500,18409,16685,13946,24,109,377,15300,3927,1052,10260,1940,1974,177,1161,5250,433,999,1432,808,10639,190,4096,705,,,2069,399,7176,5279,8558,12,59,6,9681,349,241,3365,71,23,2
EAST POKOT,14498,9565,4056,9232,153,87,330,3931,1798,95,1330,77,69,126,363,101,84,185,73,53,1114,140,381,80,,,406,451,5888,5644,8703,3165,617,9,3137,170,182,3484,17,137,45
KOIBATEK,30774,21544,20417,16043,48,119,355,19234,1545,9351,12917,803,1567,275,416,3617,4069,1192,6054,264,3616,104,9339,707,,,6416,815,7012,7393,2012,6,2178,35,11807,594,232,1000,368,45,8
MARIGAT,19854,13596,11608,10954,64,221,4956,11044,1391,574,5507,434,614,151,773,1310,188,935,1035,299,2522,948,2355,428,,,568,207,6332,4469,7552,7,903,4,7956,235,97,2565,27,61,6
MOGOTIO,18184,13607,11962,11756,51,101,537,11524,1918,199,7043,537,971,210,397,1552,209,503,784,1185,3195,109,2118,186,,,722,181,8786,5591,6751,9,1489,17,9436,145,67,3174,42,46,8
TIATY EAST,12153,8607,5651,8092,130,129,256,5504,276,290,2435,49,191,55,316,91,161,354,322,24,169,131,724,24,,,188,186,5308,5234,7438,1165,636,3,4237,177,77,2293,6,123,6
LAIKIPIA,149271,90729,74338,68281,374,483,9170,70534,5306,38543,53967,2671,8722,3936,1781,7092,7873,6415,10333,,1516,740,17753,4706,,,9243,1865,35051,37789,29474,899,4212,328,50215,2317,618,2982,2226,353,26
LAIKIPIA CENTRAL,30372,18787,16085,15611,129,130,3011,14816,2719,13179,13626,505,2966,411,506,1332,2518,1711,4090,,477,257,5196,1516,,,2489,413,8431,8399,5885,17,779,92,13016,478,106,567,839,125,3
LAIKIPIA EAST,33505,13192,9656,10137,141,114,1233,8911,208,7815,7554,305,1369,342,421,1144,1017,794,1395,,92,79,2797,978,,,1338,244,4793,5557,4303,131,374,81,7117,550,131,355,383,134,13
LAIKIPIA NORTH,7752,5898,455,5809,8,36,69,406,20,168,399,21,37,13,15,27,35,57,65,,11,13,111,18,,,26,87,3833,4834,5133,506,770,5,2847,53,29,1072,4,7,1
LAIKIPIA WEST,33025,24338,20900,17462,38,107,2214,20245,1458,5245,14932,746,1921,930,270,1121,1357,1649,1665,,378,219,2610,647,,,1330,636,9660,10228,9276,236,1109,43,11744,465,189,508,314,33,4
NYAHURURU,44617,28514,27242,19262,58,96,2643,26156,901,12136,17456,1094,2429,2240,569,3468,2946,2204,3118,,558,172,7039,1547,,,4060,485,8334,8771,4877,9,1180,107,15491,771,163,480,686,54,5
NAKURU,616046,283652,261001,191468,565,2494,7942,243535,9613,140998,168112,6953,16130,6021,7919,32257,41413,14871,65022,,13563,,114162,11097,,,52739,6781,67473,76438,33712,61,15750,1700,140607,10631,3421,5935,7001,517,56
GILGIL,58920,27273,24669,18806,47,113,787,23695,982,15359,21481,1034,2431,329,815,3010,3034,1920,6023,,842,,9169,1790,,,2303,452,7735,8013,4912,2,1931,165,15496,924,318,506,849,46,2
KURESOI NORTH,40359,33190,32215,22889,73,80,298,30713,455,23145,10963,80,349,1679,1224,1441,7513,1006,10380,,1608,,16861,269,,,8714,991,9862,8937,2244,2,2737,28,14337,1202,360,1211,504,65,12
KURESOI SOUTH,34627,28030,27142,21651,54,57,197,25349,383,13872,7165,82,338,869,820,2556,7452,709,8082,,2006,,15071,511,,,9497,1030,10250,6647,2158,1,1037,6,14374,1071,347,1478,257,52,4
MOLO,41462,26641,25114,16948,26,58,331,23531,556,17167,13884,231,514,230,985,1826,5370,789,7030,,995,,11244,429,,,6358,762,4071,7749,1712,6,1227,47,12251,1130,371,585,779,23,3
NAIVASHA,117633,33061,27272,22748,65,1624,1121,23332,321,17061,20884,353,1555,283,745,1548,4381,1850,9444,,213,,12924,978,,,5273,1022,6839,10321,4740,11,2891,250,16707,1347,485,399,1118,57,9
NAKURU EAST,61398,8876,6853,4762,34,46,404,5637,157,2520,4448,167,411,171,210,653,739,690,1023,,102,,2640,277,,,824,140,350,1094,849,5,39,109,3458,573,233,28,208,30,2
NAKURU NORTH,61728,28990,26248,18581,54,110,750,24972,751,17040,21763,1544,3217,334,899,7952,3718,2132,5821,,396,,14113,2954,,,4640,536,3025,7420,3010,4,418,353,14755,1201,350,86,966,51,6
NAKURU WEST,64481,8752,7369,4490,20,59,304,6573,434,1347,5256,148,420,217,125,705,582,632,845,,625,,2728,234,,,1068,158,1117,1018,823,2,53,124,2913,486,183,41,87,18,1
NJORO,61271,41771,39826,27775,69,152,514,36788,1019,22196,26751,414,1584,1252,1127,2941,5230,1592,9109,,2371,,13922,1016,,,6560,643,10479,11983,5171,11,4012,241,20570,1246,346,963,1262,61,9
RONGAI,52348,29568,27400,20521,73,115,1152,26386,3207,4022,21725,1250,2671,445,427,4627,1533,2292,3777,,3271,,9197,1043,,,4813,642,9195,8138,4848,11,655,97,15727,851,230,326,425,66,4
SUBUKIA,21819,17500,16893,12297,50,80,2084,16559,1348,7269,13792,1650,2640,212,542,4998,1861,1259,3488,,1134,,6293,1596,,,2689,405,4550,5118,3245,6,750,280,10019,600,198,312,546,48,4
NAROK,241125,181706,150426,150415,687,848,6948,136075,23325,53966,94779,2634,28542,13437,4439,27875,26070,17566,50324,1268,14622,1302,59672,18862,,,19843,7266,114651,86756,65365,142,50087,169,95746,4169,2245,10552,723,620,118
NAROK EAST,25078,19206,16634,14591,122,72,761,15197,74,7917,12116,99,526,2182,803,539,3301,1201,5393,137,70,145,4560,203,,,2188,845,9837,10745,7835,10,5723,39,8256,345,245,585,57,113,19
NAROK NORTH,59996,35447,32841,26307,154,161,1128,26210,199,22506,12744,179,630,6556,1382,657,10032,1422,14448,200,201,201,14384,332,,,3827,1595,18493,19403,8386,23,13724,55,15082,834,456,1202,153,141,25
NAROK SOUTH,46723,40248,34075,35078,143,178,3955,32036,4402,13943,26647,463,4407,2261,1393,7903,6729,5766,10892,263,4443,254,12348,3921,,,6456,1999,25658,19019,17658,51,10691,30,19979,998,591,2383,226,122,24
NAROK WEST,38658,30259,16671,27534,95,166,475,15531,5878,2459,11761,333,5420,1081,473,3484,1279,2508,5786,84,2119,112,5942,2369,,,2317,1191,22226,16849,17535,23,5755,15,15331,817,413,1696,108,84,20
TRANS MARA EAST,20506,18907,18117,16205,79,83,205,17307,8272,3610,13083,563,12830,487,142,6715,1991,2976,5293,121,2985,109,9404,4507,,,2059,540,12801,5877,3343,16,2411,10,13906,450,171,1569,115,71,19
TRANS MARA WEST,50132,37639,32088,30700,94,188,424,29794,4500,3531,18428,997,4729,870,246,8577,2738,3693,8512,463,4804,481,13034,7530,,,2996,1096,25636,14863,10608,19,11783,20,23192,725,369,3117,64,89,11
MAU FOREST,32,,0,0,0,0,0,,,,,,,,,,,,,,,,,,,,0,0,0,0,0,0,0,0,0,0,0,0,0,0,0
KAJIADO,316179,97565,45954,82157,437,657,12207,37686,,12536,33885,2902,4184,,1693,7029,3710,10415,5801,,,2198,12860,2270,,,7099,4171,46503,54683,55397,141,21213,683,34071,2838,1330,1908,1075,379,79
ISINYA,71579,6584,3482,5311,81,68,1000,2523,,404,2174,157,301,,101,537,464,890,896,,,276,1490,191,,,672,500,2492,2977,2130,7,357,82,2924,403,221,77,134,66,13
KAJIADO CENTRAL,37238,19641,5346,18918,74,96,761,4546,,564,4191,145,352,,148,490,387,841,632,,,398,1007,194,,,717,848,14709,16132,15176,53,9312,53,5270,348,144,351,55,65,8
KAJIADO NORTH,101378,10726,7261,7423,52,78,1082,5704,,2759,4811,563,729,,178,1730,737,1310,1489,,,135,4024,597,,,1177,240,639,1065,1366,5,165,274,5648,781,386,127,348,46,9
KAJIADO WEST,42774,23089,6384,21088,124,223,1490,5497,,2496,5010,478,859,,459,1267,504,1217,1310,,,236,2334,622,,,1539,1466,12590,16498,15734,33,6737,95,5206,528,219,555,157,106,32
LOITOKITOK,47058,29501,20249,22110,84,146,7400,16618,,6162,15089,1384,1662,,497,2795,1438,5672,1326,,,856,3581,615,,,2831,909,10591,12517,15050,35,2221,169,10983,697,293,651,361,75,16
MASHUURU,16152,8024,3232,7307,22,46,474,2798,,151,2610,175,281,,310,210,180,485,148,,,297,424,51,,,163,208,5482,5494,5941,8,2421,10,4040,81,67,147,20,21,1
KERICHO,206036,150845,145850,112740,429,686,2466,132308,40485,19794,92081,6234,18375,4622,1683,70784,14922,13602,35701,,39536,,81493,23253,,,35358,2708,65545,14603,19020,,9640,78,71678,4693,1380,2856,1049,392,50
BELGUT,35012,23573,22663,16630,47,67,329,18946,5731,2032,11861,740,2250,494,177,13457,2283,1643,6748,,6385,,14310,3176,,,7221,359,7819,797,1577,0,162,7,9603,850,178,174,106,37,8
BURETI,43117,33285,31838,25570,96,131,392,26776,8122,4325,17444,937,5628,570,452,19812,4134,2032,7771,,7740,,21269,7819,,,10651,576,12876,2298,1342,0,354,20,14658,1232,330,239,206,90,9
KERICHO EAST,44246,23273,22152,16785,69,130,384,19606,4168,2526,12640,1189,2314,474,194,11849,1748,2222,5487,,7070,,12130,2918,,,6317,518,8834,1241,2513,0,650,11,10788,650,185,324,189,65,9
KIPKELION,24688,22836,22555,17580,84,154,649,22245,8802,2981,19284,1062,2285,1518,226,10319,2057,2553,3923,,6413,,11500,1887,,,2699,319,11965,2988,5563,0,3429,11,12402,540,218,1010,154,79,6
LONDIANI,31778,25049,24405,18306,52,89,371,23742,4408,6670,17196,168,823,998,419,3764,4075,1939,5420,,3408,,11276,739,,,4607,565,11682,5801,1883,0,2103,21,11650,754,209,860,295,45,6
SOIN SIGOWET,27195,22829,22237,17869,81,115,341,20993,9254,1260,13656,2138,5075,568,215,11583,625,3213,6352,,8520,,11008,6714,,,3863,371,12369,1478,6142,0,2942,8,12577,667,260,249,99,76,12
BOMET,187641,152564,146327,127375,379,866,1990,122998,41522,,37261,106434,3939,54045,,2331,78319,26613,21900,47758,943,28681,940,93744,40551,,39352,3224,79001,21929,20598,8856,54,90671,5682,1463,4719,1590,350,48,
BOMET EAST,29958,26472,25650,22463,58,110,428,22805,6498,,6545,20446,629,10368,,453,12031,4747,4123,11017,199,4019,154,13802,4385,,4894,682,15643,2136,7070,4392,16,15420,901,213,615,336,54,5,
CHEPALUNGU,33931,31910,30692,28939,71,217,728,28697,14169,,6660,25691,1036,20833,,288,12660,3972,5955,10168,228,2700,334,20038,10184,,7120,641,19638,7051,8051,2322,5,24822,1236,255,1641,367,64,10,
KONOIN,38178,23845,22535,17669,75,102,170,14084,3169,,3853,9161,400,2978,,270,13084,3468,1934,6315,91,2842,86,14680,7131,,6523,422,9678,3176,974,255,7,9764,987,304,827,99,70,16,
SOTIK,47315,40497,38952,34567,117,277,346,34994,10748,,10699,30378,1329,13267,,768,23512,7467,5120,9941,238,11923,208,26060,12167,,11994,932,20554,6262,2468,876,14,25677,1681,458,968,579,110,8,
BOMET CENTRAL,38259,29840,28498,23737,58,160,318,22418,6938,,9504,20758,545,6599,,552,17032,6959,4768,10317,187,7197,158,19164,6684,,8821,547,13488,3304,2035,1011,12,14988,877,233,668,209,52,9,
KAKAMEGA,433207,335269,321945,235264,2223,3184,4970,312670,24160,,26204,250047,103223,146673,,9539,194940,9064,16914,26940,100958,16384,2208,141501,92380,,36597,6663,143364,21609,33506,448,14057,197524,8854,3802,2335,3956,2110,253,
BUTERE,36243,29189,27903,20417,145,210,300,27134,2198,,1685,22659,9775,12178,,856,15582,556,772,1890,10687,959,171,11618,3473,,1880,414,13981,1627,3891,13,541,17197,515,241,85,302,141,14,
KAKAMEGA CENTRAL,52015,25461,23676,17213,223,296,445,22353,1206,,1331,16846,7107,9844,,363,15276,744,1230,2240,9742,903,165,12646,4916,,3063,606,9084,1161,2360,4,1087,14460,911,452,95,343,214,19,
KAKAMEGA EAST,39589,31632,30118,23191,178,247,471,29188,795,,1929,24310,7001,10833,,585,20403,1154,1321,4052,1938,412,109,12502,7627,,2995,905,14180,1393,1580,82,4126,19794,762,356,428,668,168,25,
KAKAMEGA NORTH,51083,43441,42088,31925,322,466,679,40626,2158,,3777,32356,15577,24349,,1595,26992,1249,3657,5533,14327,1795,290,21564,26349,,8335,1445,17670,2167,5147,91,309,27340,1556,519,713,510,309,30,
KAKAMEGA SOUTH,26964,22218,21217,16176,74,144,218,20603,845,,727,17157,4989,7751,,459,13898,383,433,1824,2258,1075,86,8066,3186,,1713,344,10506,853,1282,11,2930,13914,308,113,65,428,66,10,
KHWISERO,27681,23443,22413,16873,134,157,341,21852,1997,,852,18067,7481,10871,,424,16115,422,696,2648,9433,1380,176,10012,2045,,1252,218,11631,922,3103,50,606,14601,314,151,78,374,129,9,
LIKUYANI,35322,24849,23590,15518,192,173,659,23091,1331,,1557,16495,2206,7798,,277,9907,974,1376,1551,456,1221,182,7921,1375,,4003,491,6500,4231,1020,119,283,12166,1050,386,208,135,176,25,
LUGARI,27862,23281,22598,16655,114,143,366,22152,1793,,1862,18536,3918,10186,,449,14130,838,1542,1938,2324,2310,127,9634,4813,,3545,524,8988,2463,2527,27,1843,14310,846,310,253,242,110,14,
MATETE,13956,11488,11178,7614,58,140,151,10806,887,,1314,8790,2654,5635,,458,6456,384,900,1003,2670,804,98,5106,6596,,1666,279,4642,522,1415,7,205,6264,420,181,124,104,54,11,
MATUNGU,36457,30321,29385,20844,269,257,440,28872,4093,,3752,21894,11983,12315,,972,13438,575,1081,743,12769,2183,246,8971,5348,,1953,485,14223,1691,3358,19,888,16562,744,458,75,157,260,35,
MUMIAS EAST,26049,21549,20864,15423,156,278,385,20364,1729,,2211,14861,9245,9828,,750,12950,553,871,792,9037,771,162,9833,6678,,1944,275,10332,1226,1811,5,301,12778,377,185,58,286,148,11,
MUMIAS WEST,27671,19375,18603,12604,114,177,215,18074,3031,,1459,14036,7680,8041,,511,9860,271,582,822,8081,1331,101,7203,1937,,1236,256,7630,1742,1671,9,522,10486,483,268,40,160,110,12,
NAVAKHOLO,32315,29022,28312,20811,244,496,300,27555,2097,,3748,24040,13607,17044,,1840,19933,961,2453,1904,17236,1240,295,16425,18037,,3012,421,13997,1611,4341,11,416,17652,568,182,113,247,225,38,
VIHIGA,143365,113753,108522,84158,493,625,1512,105807,5160,,4222,89528,40867,50944,,2243,84487,2308,4613,11438,14238,2062,,46248,25329,,12316,1151,54900,2946,14395,37,1324,72658,2399,821,338,1961,478,23,
EMUHAYA,23804,20210,19319,15249,105,108,256,18949,1243,,671,15952,8014,9938,,345,15553,276,604,1454,2902,559,,8444,3788,,1716,182,10821,458,1946,18,296,13378,247,82,70,486,102,6,
VIHIGA,23375,18652,17927,14385,87,98,244,17479,988,,760,15281,7724,9811,,628,14877,415,1035,1955,5400,400,,7942,5077,,1985,134,9715,350,3555,1,98,12687,411,106,34,192,83,4,
SABATIA,31422,25789,24892,19441,81,134,329,24235,958,,967,21396,8626,10280,,562,19856,618,777,2555,380,318,,10952,6417,,4315,251,11159,735,2787,7,329,16937,686,188,86,422,78,1,
LUANDA,26766,20058,18984,14155,78,132,340,18597,1178,,713,14273,6315,7874,,369,13598,342,946,1514,3421,431,,8030,3636,,1745,285,9114,565,2386,8,311,12036,381,201,31,425,75,3,
HAMISI,37986,29042,27398,20928,142,153,343,26545,793,,1111,22625,10188,13041,,339,20603,657,1251,3960,2135,354,,10880,6411,,2555,299,14091,838,3721,3,290,17620,674,244,117,436,140,9,
KAKAMEGA FOREST,12,2,2,0,0,0,0,2,,,,1,,,,,,,,,,,,,,,0,0,0,0,0,0,0,0,0,0,0,0,0,0,
BUNGOMA,358796,280445,269979,197318,1530,1944,6310,262063,28889,,40882,222747,72760,102940,7644,20851,160195,11059,19364,17992,93242,27667,2975,96113,57105,2169,32344,5254,113733,25103,40859,4094,5377,161433,6497,2341,3247,2587,1408,217,
BUMULA,44954,39540,38672,28094,290,240,488,38051,4807,,6096,33223,16773,16223,1004,1814,19850,855,2703,1510,17551,3610,645,11074,4496,462,2940,596,17744,1592,7213,69,1776,23086,963,375,161,289,265,30,
BUNGOMA CENTRAL,37803,31835,30921,23232,153,230,738,30119,4485,,4099,27450,8297,12083,1241,4436,20570,864,1723,1065,17003,4904,343,9915,5455,242,4082,607,12965,2254,5047,210,688,19039,683,241,212,432,136,21,
BUNGOMA EAST,24873,19688,18959,13687,74,171,442,18256,1493,,1926,14731,3953,8274,595,1149,11893,512,864,746,6043,2087,184,7232,7810,115,2272,350,8331,1391,2079,3,305,11284,331,119,281,234,69,12,
BUNGOMA NORTH,24998,20848,20059,14982,118,184,386,19517,1824,,1777,15116,4526,7683,454,693,12888,606,825,615,2677,1754,130,6828,6078,94,3128,454,8399,3072,1615,9,186,12663,610,216,310,191,111,11,
BUNGOMASOUTH,69151,41443,39568,27199,266,285,812,38314,4726,,6361,31823,12916,17632,1084,2372,22809,1227,3173,2177,17721,3707,499,15569,12199,403,5165,707,14109,1722,6598,120,671,22116,977,360,251,374,248,34,
CHEPTAIS,26326,22457,21804,15645,139,120,1155,20639,975,,7171,17980,2356,3228,547,952,10749,3274,3462,6569,1909,485,113,8831,697,135,2431,578,9257,3266,3141,2191,453,12333,508,145,579,68,116,47,
KIMILILI,35263,25205,24062,16303,131,176,767,23336,2139,,2304,19458,5118,8562,547,1769,15762,874,932,786,6938,2002,267,7785,3861,187,3546,612,8484,2335,2334,54,210,12652,569,207,150,234,126,15,
MT. ELGON,15276,12376,11738,9328,49,56,392,11157,725,,4516,8908,915,1661,215,107,5738,1132,428,1638,281,1384,60,3901,543,47,1504,192,6524,2817,1746,970,53,7231,217,50,408,71,46,4,
BUNGOMA WEST,25172,22145,21615,16244,102,97,320,21201,2853,,2344,19429,6575,7261,461,3689,13195,585,2824,831,9058,2162,338,7965,1001,236,1656,297,9483,1179,6046,176,336,13724,467,96,141,159,93,18,
TONGAREN,21343,17578,16842,12415,88,131,299,16498,1351,,1450,13273,2848,6384,577,289,9655,554,849,667,993,1605,156,5946,1805,91,2453,354,6142,3359,928,21,135,10576,539,223,236,116,84,12,
WEBUYE WEST,32839,26624,25732,19484,120,249,511,24971,3511,,2836,21356,8483,13949,919,3581,17086,576,1581,1388,13068,3967,240,11067,13160,157,3166,507,11677,1583,3781,8,564,16214,632,309,172,418,114,13,
MT. ELGON FOREST,798,706,7,705,0,5,0,4,,,2,,,,,,,,,,,,,,,,1,0,618,533,331,263,0,515,1,0,346,1,0,0,
BUSIA,198152,148257,140668,105208,547,6139,2888,135790,53701,2206,11163,99743,71591,61973,,7815,51930,2572,7945,3335,49979,25825,1638,29615,13949,2109,5059,1928,62969,7555,28082,145,29180,88203,2895,1331,629,1313,506,57,
BUNYALA,19039,12676,10930,8488,65,4238,1072,9683,7636,969,856,7818,2320,4834,,632,1716,262,1075,278,1133,1148,139,2081,542,67,211,106,4432,480,3242,6,2404,6623,195,146,16,38,57,9,
BUSIA,33160,19412,18083,13445,80,122,357,17526,7008,131,1595,12303,7957,7931,,768,6163,323,612,669,5096,2696,144,4271,1623,135,930,307,7780,1160,2714,17,4663,10949,511,330,54,201,65,8,
BUTULA,32213,26650,25677,18428,72,163,332,25235,12232,189,2246,18400,13465,12450,,941,10573,423,776,599,13314,6077,177,5932,1850,143,910,321,12105,1541,2938,10,3121,15530,454,180,47,234,67,9,
NAMBALE,23892,19743,19023,14208,82,111,222,18550,3728,190,2030,13547,9373,8284,,964,8297,389,1027,450,7043,2707,249,4405,4580,199,1010,293,9907,1191,2505,34,3028,11880,624,212,63,160,81,9,
SAMIA,23884,19701,18636,13616,86,1274,305,18000,12364,95,935,15426,11002,10734,,1116,4160,319,979,494,6163,2375,168,3378,717,416,365,111,7733,1195,4595,4,5103,11395,152,76,131,227,83,6,
TESO NORTH,29395,23180,22404,17557,79,103,300,21835,4052,126,1499,17479,11893,10092,,1763,10942,509,1891,380,9374,4782,320,5081,981,721,731,313,9919,885,6294,58,3358,15460,356,126,195,172,77,6,
TESO SOUTH,36569,26895,25915,19466,83,128,300,24961,6681,506,2002,14770,15581,7648,,1631,10079,347,1585,465,7856,6040,441,4467,3656,428,902,477,11093,1103,5794,16,7503,16366,603,261,123,281,76,10,
SIAYA,250698,194362,184964,129156,828,12741,4389,181114,99872,1310,9298,132295,59310,67040,15925,60751,2906,10464,10099,47293,18069,1794,49344,8326,3125,,3956,1467,85837,35629,43129,3222,5145,111991,2186,1173,441,1208,564,311,
SIAYA,57553,44532,42203,29987,133,685,1134,41256,24591,602,2188,32778,15539,18212,2070,11557,684,2538,2182,8777,3442,406,11285,1704,235,,1056,415,19842,8016,8579,193,1535,25938,485,273,115,229,118,25,
GEM,44884,38224,36970,25866,146,288,517,36527,13982,151,1719,29190,14553,16761,979,23395,684,1755,3649,10747,2474,264,15097,3212,186,,983,259,17369,7412,6967,389,1146,22512,364,170,67,362,137,19,
UGENYA,33565,27847,26882,17066,56,178,347,26465,16657,216,2080,22578,11484,12939,957,10350,505,841,1173,9013,3989,198,6350,1218,119,,435,253,11114,4097,4408,19,1325,14554,434,246,44,243,51,6,
UGUNJA,26328,21054,20236,14193,62,167,305,19948,9736,92,1093,16029,7382,9404,742,8398,400,632,1302,5713,2376,144,7122,1101,112,,450,83,9757,3646,2700,19,543,12462,231,76,25,204,58,7,
BONDO,51362,32920,30285,22176,321,7604,1042,29263,16351,141,1081,15715,4506,4698,3346,3437,433,2444,1068,2748,3296,462,5371,545,218,,600,239,14597,5720,11645,1154,419,19152,372,235,105,96,130,220,
RARIEDA,37006,29785,28388,19868,110,3819,1044,27655,18555,108,1137,16005,5846,5026,7831,3614,200,2254,725,10295,2492,320,4119,546,2255,,432,218,13158,6738,8830,1448,177,17373,300,173,85,74,70,34,
KISUMU,300745,147117,133391,99284,783,6084,9692,126050,66687,10259,8789,62434,37426,30515,22727,38295,2447,13653,9675,24973,14492,2037,34752,17204,2174,,4642,1632,60438,34871,34414,1912,537,81039,2634,1109,375,1082,698,138,
KISUMU EAST,61871,16348,13516,10354,119,235,875,12302,5174,695,696,5060,3666,3322,1334,3736,252,1245,877,911,1432,264,3698,1329,161,,511,234,5291,2800,3018,58,78,7993,362,191,33,122,107,22,
KISUMU CENTRAL,52331,4157,2541,2769,47,289,451,1925,602,195,207,1015,487,451,219,602,115,440,329,352,346,104,1009,414,39,,186,94,799,456,707,21,50,2010,200,147,12,41,37,15,
KISUMU WEST,45933,23207,21018,15276,99,1009,538,20287,7307,141,1159,12046,8682,7559,1453,9943,284,1572,1408,4735,1759,203,6149,1126,98,,730,223,9454,2950,4489,32,105,12800,269,103,22,228,85,16,
SEME,29404,24014,22896,16524,91,1634,459,22284,13750,151,1587,11737,9807,7040,5537,7100,398,1999,1193,9169,3654,261,5457,611,140,,700,180,11477,4784,6039,414,156,14415,434,135,65,159,84,21,
MUHORONI,37193,26368,25070,16932,141,384,2284,24021,11280,3156,2645,14115,6489,5931,2993,6933,632,2853,2456,1360,2369,315,7053,10460,345,,791,230,10531,6764,5439,460,74,13645,395,120,89,223,131,14,
NYANDO,38460,26570,24012,18947,162,1613,4150,22381,15745,5410,884,7938,2427,1868,6985,2404,366,2628,986,1016,2404,550,4888,1690,1164,,663,263,12382,9027,6878,487,42,15105,297,124,66,131,142,28,
NYAKACH,35553,26453,24338,18482,124,920,935,22850,12829,511,1611,10523,5868,4344,4206,7577,400,2916,2426,7430,2528,340,6498,1574,227,,1061,408,10504,8090,7844,440,32,15071,677,289,88,178,112,22,
HOMA BAY,262036,193812,184367,127914,1056,17770,5214,179727,68877,1977,21889,111932,58238,47972,16258,56152,3462,15109,23022,61360,18769,2532,53518,25278,3263,,5830,2512,87253,36093,43402,8416,1973,106788,3457,1780,608,762,939,174,
HOMA BAY,29318,16401,15287,10763,68,499,712,14776,5642,99,1725,9772,4272,3300,1466,3994,325,1741,2416,5257,1614,315,5302,2270,222,,551,186,7288,3442,2833,596,31,8727,294,94,26,66,53,16,
NDHIWA,48062,40976,40095,26414,217,439,559,39664,8752,337,7601,30245,14918,11860,3376,14761,869,2731,4692,16062,2732,403,14267,17233,328,,1131,563,19548,6628,5856,862,1763,22526,552,242,60,138,201,36,
RACHUONYO NORTH,41809,32414,30579,22122,153,3824,1325,29483,16472,154,1673,14962,7063,4294,5872,4168,350,2742,1340,13057,4247,452,5679,765,1494,,609,278,15057,7564,10279,1556,23,18564,472,300,88,59,134,22,
RACHUONYO EAST,27319,23388,22723,16064,120,186,247,22300,7449,91,2606,14948,8576,10275,840,13021,412,1456,3721,6550,1681,161,8042,1419,125,,1161,303,11294,5233,4893,402,24,13734,475,355,152,209,117,6,
RACHUONYO SOUTH,30990,23419,22592,15379,124,149,336,22164,6122,140,2608,14084,7991,7969,710,9752,355,1281,3930,8186,2352,224,7198,968,152,,813,413,10889,4415,3523,342,25,13298,495,233,100,148,113,18,
RANGWE,27003,22145,21456,14437,112,461,763,21005,7651,956,3273,12531,9251,6651,1420,5824,576,1863,4123,8898,2167,277,7448,1634,494,,1030,536,9759,4852,4019,465,28,11676,753,348,43,66,105,16,
SUBA NORTH,29766,17645,15729,11588,137,7173,865,14975,8722,81,782,7190,1731,1346,1399,2006,198,1726,1044,1431,1711,398,2914,424,333,,283,101,6829,2290,6336,1876,40,9316,247,98,45,38,105,35,
SUBA SOUTH,27769,17424,15906,11147,125,5039,407,15360,8067,119,1621,8200,4436,2277,1175,2626,377,1569,1756,1919,2265,302,2668,565,115,,252,132,6589,1669,5663,2317,39,8947,169,110,94,38,111,25,
MIGORI,240168,169958,160703,112935,915,6807,2995,156039,28039,,24080,98634,62251,61576,5511,56025,4584,13375,21117,36245,16599,2541,54924,35791,,,7284,2712,80615,19304,36599,3192,855,93981,2942,1515,1512,822,848,116,
AWENDO,27033,20101,19364,11848,108,176,233,18804,1635,,2896,10379,6215,4837,654,9126,237,849,2975,5604,525,146,7076,10948,,,794,325,7703,2511,2369,25,247,9900,304,125,37,135,106,6,
KURIA EAST,17363,14610,14100,10685,120,84,238,13830,4301,,3013,11393,5016,8034,587,8068,1063,2150,3328,3312,4837,388,7583,1251,,,998,512,8248,2128,4536,176,8,8847,394,268,388,51,112,26,
KURIA WEST,39781,28212,27060,19541,192,208,337,26535,5863,,3580,19450,9870,16302,772,8328,1414,2969,4872,5988,4163,477,11080,1539,,,1658,406,14962,1716,6243,55,15,16530,487,251,866,158,178,25,
NYATIKE,40257,26354,22692,19465,116,5723,1203,21396,7950,,3345,10193,8735,6103,1056,1351,297,2510,691,2705,3151,763,3180,835,,,533,253,13922,3358,9420,2007,70,15920,349,199,39,62,89,28,
RONGO,29087,19910,19175,12145,111,160,206,18699,1415,,2691,9499,5982,5519,400,10016,423,919,2977,4629,651,153,7134,8328,,,1377,408,8208,2486,2188,19,119,10023,504,204,34,132,107,13,
SUNA EAST,27302,18705,17871,12410,78,134,203,17353,1537,,1937,12196,6177,5950,692,7795,349,1009,2153,4854,619,144,6411,3174,,,559,144,8598,2209,3703,216,19,10761,210,140,62,82,71,5,
SUNA WEST,29251,17050,16192,10316,66,151,238,15736,2908,,3183,9081,9022,5760,459,2270,308,1284,939,2302,1649,194,3974,579,,,540,323,6977,2137,3214,160,23,7773,403,216,45,36,64,5,
URIRI,30094,25016,24249,16525,124,171,337,23686,2430,,3435,16443,11234,9071,891,9071,493,1685,3182,6851,1004,276,8486,9137,,,825,341,11997,2759,4926,534,354,14227,291,112,41,166,121,8,
KISII,308054,219853,207400,148742,810,1069,2972,194138,31358,,12622,141895,18851,24900,4062,147402,7271,8830,44787,14773,41160,,129308,29793,,,28865,3065,87010,4425,24514,1095,85,114896,11297,3856,666,1328,768,112,
ETAGO,18610,15099,14505,9980,65,78,155,13639,2610,,1430,10198,2505,2205,332,8568,398,746,3010,2328,2774,,7313,6911,,,1457,198,6240,169,1420,102,5,7721,527,162,35,86,63,13,
GUCHA,19657,15067,14317,10023,51,103,143,13349,1927,,750,9267,1388,1971,343,9946,350,404,2085,1300,2233,,9132,1979,,,1991,231,5796,274,1048,32,5,7666,1001,283,35,75,48,6,
GUCHASOUTH,19732,15386,14658,10301,88,59,189,14291,3434,,886,10459,1901,2173,600,9081,342,713,2745,3355,4223,,9000,3355,,,1610,324,6307,229,1526,11,3,8357,885,446,46,78,85,21,
KENYENYA,30989,23613,22334,15551,87,95,209,20895,2432,,1762,15730,1592,3466,257,16501,868,709,3328,488,2815,,13128,2646,,,4003,347,8600,581,1753,153,3,11290,1357,551,53,95,81,11,
KISII CENTRAL,44311,24658,22477,17143,110,148,330,19737,1647,,863,13871,1543,2264,250,16889,856,913,5322,237,2300,,15368,3695,,,3486,223,9471,532,2630,23,11,13486,1145,344,81,190,103,11,
KISII SOUTH,31696,22532,21174,14010,71,159,413,19966,2768,,917,13488,2614,1875,397,16249,431,600,4684,2929,2662,,11945,4139,,,2620,350,7918,221,2344,10,15,10751,924,234,50,166,63,10,
KITUTU CENTRAL,41271,20197,18387,12935,70,79,277,16904,2017,,644,10689,1865,1987,495,12077,457,814,3959,1377,2922,,10197,1618,,,1935,206,6906,406,2697,33,17,10148,802,310,61,179,68,8,
MARANI,26186,21857,20937,15460,82,102,203,20035,7851,,622,16119,2007,1536,330,15128,599,1250,6551,2129,7854,,14200,2218,,,2058,223,10090,525,3681,67,3,12111,742,262,119,116,79,5,
MASABA SOUTH,29232,23932,22694,18011,31,82,341,21336,2890,,2527,18773,1063,2952,598,16946,1632,1344,6354,110,6510,,16125,1259,,,3375,332,11522,791,3670,543,5,14462,1707,477,70,151,29,3,
NYAMACHE,30712,24952,23930,16774,93,103,582,22570,2258,,1614,15565,1202,2874,203,17153,1014,848,4337,136,4559,,15026,1115,,,4571,444,9258,435,2550,77,9,12297,1651,583,77,102,88,21,
SAMETA,15658,12560,11987,8554,62,61,130,11416,1524,,607,7736,1171,1597,257,8864,324,489,2412,384,2308,,7874,858,,,1759,187,4902,262,1195,44,9,6607,556,204,39,90,61,3,
NYAMIRA,150669,110028,102856,78946,461,509,1275,89330,10634,7009,73139,6117,13058,6094,1367,73928,6758,6525,27871,2934,24192,71185,11480,803,,,17463,1589,44501,3895,15487,449,27,59702,5932,1923,762,760,440,64,
BORABU,19468,10890,9747,8312,88,75,152,8241,1209,1966,7949,525,2263,568,173,6641,1598,1156,3121,142,2587,7244,1470,102,,,2992,241,3983,1028,1947,119,11,6433,942,283,169,97,84,20,
MANGA,23869,18096,16868,13024,78,92,269,14971,1566,767,11840,1319,1929,1040,204,13727,909,911,5775,99,4301,13268,2407,129,,,2638,285,7329,486,2207,32,2,10046,1011,321,156,177,77,5,
MASABANORTH,27913,20678,19241,15031,82,93,238,17087,1921,1715,14621,972,2537,1200,304,14128,1207,1043,5775,137,4889,13799,1807,186,,,2685,219,9328,666,2461,50,4,11684,867,259,117,130,76,9,
NYAMIRA NORTH,40446,31900,30306,22157,87,131,300,26777,2931,1510,21226,2210,4019,1326,320,20950,1616,1755,5446,1387,5678,18212,2669,172,,,4463,503,12624,907,5270,166,7,16364,1980,635,153,190,82,11,
NYAMIRA SOUTH,38973,28464,26694,20422,126,118,316,22254,3007,1051,17503,1091,2310,1960,366,18482,1428,1660,7754,1169,6737,18662,3127,214,,,4685,341,11237,808,3602,82,3,15175,1132,425,167,166,121,19,
NAIROBI,1506888,32258,16359,22818,279,697,3343,9867,,,7610,,,,,,,,,,,9573,,,,,2286,595,1242,1754,3863,286,1586,16471,3432,1813,154,1253,208,57,
DAGORETTI,155089,5691,3298,3818,29,81,577,2319,,,2029,,,0,0,0,0,0,0,,,2057,,,,,577,116,160,340,548,15,548,2567,576,281,23,234,23,7,
EMBAKASI,347955,3224,1361,2344,36,122,315,699,0,0,526,0,0,0,0,0,0,0,0,,,704,,,,,210,79,187,144,389,44,188,1593,405,202,11,137,22,10,
KAMUKUNJI,84365,459,208,313,10,27,56,95,,,63,,,,,,,,,,,99,,,,,14,10,13,23,32,3,5,217,55,32,1,13,8,2,
KASARANI,271290,6136,3349,4044,53,125,707,1904,,,1283,,,,,,,,,,,1934,,,,,423,112,156,226,636,27,286,2853,611,314,16,232,42,11,
KIBRA,61690,737,334,522,9,41,71,187,,,152,,,,,,,,,,,201,,,,,44,12,45,35,71,7,7,364,74,72,5,34,5,1,
LANG'ATA,62239,1712,1099,1012,35,50,258,533,,,414,,,,,,,,,,,734,,,,,135,38,134,158,180,18,37,675,141,58,40,52,29,7,
MAKADARA,70361,639,199,503,4,14,45,106,,,77,,,,,,,,,,,92,,,,,32,11,15,18,64,5,51,371,106,63,4,34,2,1,
MATHARE,74967,735,298,560,6,28,62,178,0,,142,,,,,,,,,,,147,,,,,42,24,46,47,107,15,42,381,120,69,12,33,4,2,
NJIRU,204563,10642,4642,8484,46,117,886,2950,0,0,2180,0,0,0,0,0,0,0,0,,,2715,,,,,644,138,401,647,1643,141,364,6636,1125,607,20,418,39,5,
STAREHE,69389,483,279,316,14,22,63,158,,,124,,,,,,,,,,,113,,,,,40,23,35,21,51,7,10,230,57,34,9,19,7,2,
WESTLANDS,104980,1800,1292,902,37,70,303,738,,,620,,,,,,,,,,,777,,,,,125,32,50,95,142,4,48,584,162,81,13,47,27,9,
